GAUL_CODE,NAME,iso3,ADM0_NAME,ADM1_NAME,Source,Timestamp,GlobalID,AMAPCODE
25002,Ajeromi/Ifelodun,NGA,Nigeria,LA,NGA_TEAMGIS,8/7/2018,b44f187e-1ebd-4ef3-9bc3-3e2be785e640,NIE LAS AGL
27015,Mariga,NGA,Nigeria,NI,EHA_ABRAHAM,1/25/2017,344d9dce-9643-4c16-a1f0-595d97dea13c,NIE NIS BMG
4018,Onitsha South,NGA,Nigeria,AN,WHO,8/8/2015,28bad07d-261e-4f59-ada6-5836ddf47d88,NIE ANS FGG
518,Suru,NGA,Nigeria,KB,EHA-TOSIN,8/8/2015,26e64265-20f4-4372-831e-bba54a414408,NIE KBS DKG
505,Bagudu,NGA,Nigeria,KB,EHA-MICHAEL,4/20/2016,559d2be3-71e7-4f37-b6b4-031d29287593,NIE KBS BGD
514,Maiyama,NGA,Nigeria,KB,EHA-SAMUEL,8/8/2015,3239bc28-d97e-4539-bb82-3a8a4d9f1d7e,NIE KBS MYM
519,Wasagu-Danko,NGA,Nigeria,KB,EHA-MICHAEL,2/9/2016,18756e0e-0db4-4515-8fa5-28c61e49a1a7,NIE KBS RBH
801,Anka,NGA,Nigeria,ZA,EHA-OLUSEYE,9/5/2016,e12946eb-5eb6-4968-842c-bcf84cfbc0b2,NIE ZAS ANK
19016,Kudan,NGA,Nigeria,KD,eHA-Tosin,8/8/2015,9772a843-1b44-446b-9bf6-b8eb803b9389,NIE KDS HKY
19005,Ikara,NGA,Nigeria,KD,EHA-OLUSEYE,12/22/2015,5c1feb9a-eca5-4de0-a0ce-b2bf2d30d388,NIE KDS KAR
25004,Amuwo Odofin,NGA,Nigeria,LA,NGA_TEAMGIS,8/7/2018,2a5b0ca2-4065-45f2-9a2f-2545dc1fe9c3,NIE LAS FST
25018,Surulere,NGA,Nigeria,LA,EHA-OLUSEYE,5/10/2016,95c41101-4143-4abf-8adb-f63b79b09555,NIE LAS LSR
17027,Onuimo,NGA,Nigeria,IM,GRID,5/16/2018,9d87368d-fa6e-4294-990f-f4bf40d68bc4,NIE IMS KWE
20018,Ungogo,NGA,Nigeria,KN,EHA-SAMUEL,2/6/2016,8eeff76f-806e-41e4-9e40-b8ca45603649,NIE KNS UGG
20011,Sumaila,NGA,Nigeria,KN,NGA_TEAMGIS,8/8/2015,2322539f-f0cf-4263-a340-79828b2b6f1e,NIE KNS SML
513,Koko-Besse,NGA,Nigeria,KB,NGA_TEAMGIS,8/8/2015,51ebceb2-f512-423d-8695-7d134ade519f,NIE KBS BES
33023,Tai,NGA,Nigeria,RI,WHO,8/8/2015,5403c032-1c54-4c3a-92cd-dca5ad0b265d,NIE RVS SKN
19004,Igabi,NGA,Nigeria,KD,EHA-OLUSEYE,9/5/2016,852169ab-2c76-4e9a-9d0e-35a6e93e073a,NIE KDS TRK
810,Maru,NGA,Nigeria,ZA,EHA-OLUSEYE,9/5/2016,cb999436-935f-4996-8748-e2da58c83643,NIE ZAS MRR
33019,Omumma,NGA,Nigeria,RI,WHO,8/8/2015,f94fd30a-edae-4b7f-9c6d-cbc0761a986f,NIE RVS BER
16006,Gombe,NGA,Nigeria,GO,GRID,1/20/2017,efb6c09a-e495-43ba-b15b-47f2b9953c8d,NIE GMS GME
27022,Shiroro,NGA,Nigeria,NI,EHA-OLUSEYE,12/14/2015,bf84e5ed-8b0d-47cf-b833-86347131b6c6,NIE NIS KUT
708,Gulani,NGA,Nigeria,YO,Abraham.Oluseye,8/13/2017,ff4b0ecf-1feb-4c02-9c76-64f28c02e6c9,NIE YBS GLN
105,Biu,NGA,Nigeria,BR,Abraham.Oluseye,7/20/2017,8d2b50e8-c1b8-4cd5-af99-bba17d802432,NIE BOS BBU
4013,Njikoka,NGA,Nigeria,AN,GRID,8/8/2015,d1791c20-67c2-405c-ba79-d971977fc583,NIE ANS ABN
703,Damaturu,NGA,Nigeria,YO,Abraham.Oluseye,8/13/2017,2d89d961-234e-4860-a524-1ff40ba5ab54,NIE YBS DTR
120,Magumeri,NGA,Nigeria,BR,Abraham.Oluseye,8/13/2017,32fb415a-bb40-4617-a6e2-67af8fda579f,NIE BOS MGM
19001,Birnin Gwari,NGA,Nigeria,KD,EHA-OLUSEYE,6/7/2016,8d63fba5-0389-4f93-bd84-35e527376454,NIE KDS BNG
805,Bungudu,NGA,Nigeria,ZA,EHA-SAMUEL,2/4/2016,5904150b-39d1-4136-9a01-d49c7eaaae27,NIE ZAS BUG
33007,Bonny,NGA,Nigeria,RI,EHA-OLUSEYE,5/12/2016,240a8bfe-f2c5-4d0a-97be-47b3bb30fffa,NIE RVS BNY
19002,Chikun,NGA,Nigeria,KD,EHA-OLUSEYE,12/14/2015,0113a5f5-4af4-4dfb-b31c-72b04d0cd734,NIE KDS KJM
11009,Ivo,NGA,Nigeria,EB,WHO,8/8/2015,97acd59d-c765-46c3-93cd-1ab5e2cc912a,NIE EBS SKA
33006,Asari-Toru,NGA,Nigeria,RI,WHO,8/8/2015,0fb0eeba-04d0-4e5f-aaf4-719641705b8b,NIE RVS BGM
7008,Gwer West,NGA,Nigeria,BE,GRID,5/16/2018,d3a25848-6d59-440d-b399-9e022b9b3116,NIE BNS NAK
5004,Dambam,NGA,Nigeria,BA,Oluseye.Abraham,3/16/2017,7e91bdbc-2f49-4467-92a2-17676270552d,NIE BAS DBM
7021,Ukum,NGA,Nigeria,BE,GRID,5/16/2018,d9cc12b3-6d75-4ace-8662-1a808d3a0f6a,NIE BNS UKM
33020,Opobo/Nkoro,NGA,Nigeria,RI,WHO,8/8/2015,4c5c4c79-e3c1-4e88-934f-fb1ca2bf2b6a,NIE RVS PBT
14012,Nkanu West,NGA,Nigeria,EN,WHO,8/8/2015,f60e3370-004a-4778-b0bf-d1cf9208904c,NIE ENS AGN
20034,Kiru,NGA,Nigeria,KN,EHA-SAMUEL,9/12/2015,c7fe77b5-e5f0-428b-8fd3-b8cf502c549e,NIE KNS KKU
20032,Rogo,NGA,Nigeria,KN,EHA-SAMUEL,10/29/2015,ceba884a-5bbc-421d-bd3e-22e7db1b4d08,NIE KNS RGG
14004,Enugu North,NGA,Nigeria,EN,WHO,8/8/2015,3b26b6ef-acaa-41d6-9690-7b8e3f46dd1a,NIE ENS ENU
19018,Makarfi,NGA,Nigeria,KD,EHA-OLUSEYE,12/22/2015,4d38525c-9159-4bf1-97e2-e28500422439,NIE KDS MKR
20029,Tudun Wada,NGA,Nigeria,KN,EHA-SAMUEL,8/8/2015,374c68c5-4bf2-409e-ad31-09a0ee229a7e,NIE KNS TWD
20044,Kumbotso,NGA,Nigeria,KN,EHA-SAMUEL,8/8/2015,6bcf6650-8b95-49a7-96b2-1b039566f288,NIE KNS KBT
3002,Eastern Obolo,NGA,Nigeria,AK,EHA-SAMUEL,1/7/2016,03e7c550-533e-4a1b-9d39-0cc33fa7b992,NIE AKS KRT
31015,Irepo,NGA,Nigeria,OY,WHO,8/8/2015,e8035147-97dd-4fff-824b-5f192fde0ad5,NIE OYS KSH
14005,Enugu South,NGA,Nigeria,EN,WHO,8/8/2015,02ede445-db1b-47ea-a2be-e0e0793650e5,NIE ENS UWN
18025,Kiyawa,NGA,Nigeria,JI,EHA-MICHAEL,2/8/2016,8738a0e0-e564-4210-a316-a8f07b9e2c5d,NIE JIS KYW
30018,Ilesha East,NGA,Nigeria,OS,GRID,5/16/2018,4fc9432b-c73b-496d-8c60-fc4e7c23f72c,NIE OSS LES
18022,Birnin Kudu,NGA,Nigeria,JI,EHA_ABRAHAM,1/22/2017,2db07704-a4a0-4682-990e-c018d2a0d6df,NIE JIS BKD
18027,Kafin Hausa,NGA,Nigeria,JI,EHA-OLUSEYE,9/5/2016,d90687a2-0d28-49c1-b837-d432f6e5300a,NIE JIS KHS
20002,Takai,NGA,Nigeria,KN,EHA_ABRAHAM,1/22/2017,3b4ff4eb-ac60-4610-b73b-d2d0022f7880,NIE KNS TAK
33009,Eleme,NGA,Nigeria,RI,WHO,8/8/2015,1fc03f81-814b-4019-88f0-866ca91cfca7,NIE RVS NCH
25017,Shomolu,NGA,Nigeria,LA,EHA-OLUSEYE,8/7/2018,8699d5d4-a373-4a3f-9a10-bb655da9cf37,NIE LAS SMK
112,Hawul,NGA,Nigeria,BR,Oluseye.Abraham,3/30/2017,b33854a4-7453-42e8-bf77-c4436ef3187f,NIE BOS HWL
27012,Lapai,NGA,Nigeria,NI,EHA_ABRAHAM,1/26/2017,71f31c0d-4f74-49b8-bf33-2f858f9e7b50,NIE NIS LAP
5011,Jama'are,NGA,Nigeria,BA,EHA-OLUSEYE,9/14/2016,664fce73-12a3-4f0c-a448-0d11b4739a97,NIE BAS JMA
709,Jakusko,NGA,Nigeria,YO,EHA-OLUSEYE,8/19/2016,b23ec27b-cca0-4660-aaeb-717eda283556,NIE YBS JAK
33012,Gokana,NGA,Nigeria,RI,WHO,8/8/2015,181efef7-24b0-4411-8754-f84ab7e107d0,NIE RVS KPR
30021,Irewole,NGA,Nigeria,OS,GRID,5/16/2018,b8a66a2a-f429-4d30-809a-f33b0bfdd1a2,NIE OSS KRE
17002,Ahiazu-Mbaise,NGA,Nigeria,IM,GRID,5/16/2018,c0c667bf-5557-49b7-a9c7-770c43579dfc,NIE IMS AFR
9008,Calabar Municipal,NGA,Nigeria,CR,GRID,5/16/2018,8daafff6-c8b9-4147-94e7-c0aa05b98f2f,NIE CRS CAL
19014,Kauru,NGA,Nigeria,KD,EHA-OLUSEYE,12/22/2015,ad5a9ab1-c2aa-43fc-af1c-438a6fdfe568,NIE KDS KRU
5020,Zaki,NGA,Nigeria,BA,EHA-MICHAEL,3/11/2016,5cf13102-de9a-4305-b2c2-27fc88c75ca1,NIE BAS ZAK
17009,Isiala Mbano,NGA,Nigeria,IM,GRID,5/16/2018,7fda2bfb-66d1-48d5-92f8-af7dd1104c40,NIE IMS UML
7001,Ado,NGA,Nigeria,BE,GRID,5/16/2018,a87ffb68-3d55-4276-9996-557c7f223cb4,NIE BNS GMU
17016,Obowo,NGA,Nigeria,IM,GRID,5/16/2018,27cc6bdf-1063-431c-9dd6-220919da789f,NIE IMS TTK
4014,Nnewi North,NGA,Nigeria,AN,GRID,8/8/2015,16f00cf8-070a-4b9b-b039-e99fc65f5ea9,NIE ANS NNE
19021,Soba,NGA,Nigeria,KD,EHA-OLUSEYE,12/22/2015,d2880df7-b0be-4c6e-90be-e9bb071692a4,NIE KDS MGN
5001,Alkaleri,NGA,Nigeria,BA,EHA_ABRAHAM,1/20/2017,9977625f-9761-43c3-ad19-efd90dc668a7,NIE BAS ALK
507,Bunza,NGA,Nigeria,KB,EHA-TOSIN,8/8/2015,4f236bf6-a539-4393-95b8-290103e88b97,NIE KBS BNZ
5015,Ningi,NGA,Nigeria,BA,EHA-OLUSEYE,9/5/2016,11f59742-7b20-4671-ab12-aa8e4a94776b,NIE BAS NNG
512,Kalgo,NGA,Nigeria,KB,EHA-TOSIN,8/8/2015,7ffcb06b-2c0d-4006-9084-e65a4fe3bbe6,NIE KBS KLG
716,Yunusari,NGA,Nigeria,YO,Abraham.Oluseye,8/13/2017,cb7f8f59-55c1-4af3-b250-db293fce12a9,NIE YBS YUN
27020,Rafi,NGA,Nigeria,NI,EHA-OLUSEYE,9/5/2016,bbc2b8b0-ba8e-4afd-8496-fac07ff826b6,NIE NIS KAG
5010,Itas/Gadau,NGA,Nigeria,BA,EHA-MICHAEL,3/11/2016,74f6ad22-dfe3-40d8-b58b-6d2523fca910,NIE BAS TSG
5018,Toro,NGA,Nigeria,BA,EHA-OLUSEYE,9/5/2016,d82724d9-9fc6-412a-b9db-3c1e55d793bf,NIE BAS TRR
5002,Bauchi,NGA,Nigeria,BA,Abraham.Oluseye,9/20/2017,9fbe7ee4-916b-4058-bb61-b88c0f484637,NIE BAS BAU
5017,Tafawa-Balewa,NGA,Nigeria,BA,EHA-MICHAEL,3/11/2016,97ca8398-de04-413a-a8c8-ca92b61a3b9f,NIE BAS TFB
31008,Ibadan North West,NGA,Nigeria,OY,WHO,8/8/2015,818501be-e639-4414-b2df-ca32662cde7b,NIE OYS NRK
31019,Kajola,NGA,Nigeria,OY,EHA-OLUSEYE,5/10/2016,700fbffa-b38f-405c-8dc7-efa4834ee922,NIE OYS KEH
18008,Gwaram,NGA,Nigeria,JI,EHA-MICHAEL,2/9/2016,6862aff6-436c-4308-9430-91261493fe1f,NIE JIS GRM
17015,Nwangele,NGA,Nigeria,IM,GRID,5/16/2018,3a7a8a4b-ce4c-4282-804e-fcd86a36f8e6,NIE IMS AMG
17007,Ihitte/Uboma,NGA,Nigeria,IM,GRID,5/16/2018,c3de3cff-24da-4242-807d-441d828ba9de,NIE IMS IHI
7015,Ogbadibo,NGA,Nigeria,BE,GRID,5/16/2018,14a58f7f-488d-4715-b0c5-c9d1d18ca163,NIE BNS BGT
30026,Ola Oluwa,NGA,Nigeria,OS,GRID,5/16/2018,d2ebf8b5-23cf-466b-92c9-244c4d403c59,NIE OSS BDS
32005,Jos North,NGA,Nigeria,PL,GRID,5/21/2018,080ce388-2c87-4d93-8a24-58ada48e241f,NIE PLS JJN
18017,Malam Madori,NGA,Nigeria,JI,EHA-OLUSEYE,9/5/2016,c07d94b7-349c-4505-8ce5-d97417343967,NIE JIS MMR
18013,Auyo,NGA,Nigeria,JI,EHA-OLUSEYE,9/5/2016,57cf036c-0bb3-4eb0-abb1-abf3c4ddf999,NIE JIS AUY
701,Bade,NGA,Nigeria,YO,EHA-SAMUEL,2/4/2016,a4fb8178-ef45-4ef1-ab27-ba4a4dec8151,NIE YBS GSH
113,Jere,NGA,Nigeria,BR,Oluseye.Abraham,4/28/2017,f2ea2c50-5469-46e3-9a3d-5b3ce7bf49b9,NIE BOS JRE
115,Kala/Balge,NGA,Nigeria,BR,Oluseye.Abraham,3/27/2017,8518c5dc-8825-4f1b-b0ee-02991fed0655,NIE BOS KBG
10007,Ika North East,NGA,Nigeria,DE,WHO,8/8/2015,52c04c3f-04b0-4404-9afe-90df3488264a,NIE DTS AYB
28017,Odogbolu,NGA,Nigeria,OG,GRID,0,ba1cf12b-2da8-4071-979d-054da497f349,NIE OGS DGB
25008,Eti Osa,NGA,Nigeria,LA,NGA_TEAMGIS,8/7/2018,e479efea-cfe0-4c33-b75e-bf39c78ddc47,NIE LAS EKY
101,Abadam,NGA,Nigeria,BR,EHA-OLUSEYE,9/5/2016,bbf27505-bc41-450f-b2b3-6653415b18de,NIE BOS ADM
25020,Lagos Island,NGA,Nigeria,LA,EHA-SAMUEL,8/7/2018,b328c781-eac6-4068-b614-02bc46f9bd15,NIE LAS AAA
706,Geidam,NGA,Nigeria,YO,Abraham.Oluseye,8/13/2017,81ec6f77-b210-4e9a-b9f7-35575d5fc710,NIE YBS GDM
4008,Dunukofia,NGA,Nigeria,AN,GRID,8/8/2015,709ba2a2-2a23-4755-8b0b-7ee87eb2b423,NIE ANS KPP
4007,Ayamelum,NGA,Nigeria,AN,GRID,8/8/2015,2ed29780-c903-4132-b92c-abc50645ba9a,NIE ANS NKK
27011,Kontagora,NGA,Nigeria,NI,EHA_ABRAHAM,1/22/2017,74b7e7e5-66fb-4a11-961f-f66b657df869,NIE NIS KNT
707,Gujba,NGA,Nigeria,YO,Abraham.Oluseye,8/13/2017,977e51cf-63d1-4dbd-a534-86b019b44bc8,NIE YBS GJB
31014,Ido,NGA,Nigeria,OY,EHA-ABRAHAM,11/2/2016,6777fa86-afd3-4532-bf38-d897dce835d3,NIE OYS DDA
25001,Agege,NGA,Nigeria,LA,EHA-OLUSEYE,8/7/2018,6b0e16f1-f41b-4f7d-a7ab-226d0acbe831,NIE LAS GGE
30013,Ife North,NGA,Nigeria,OS,GRID,5/16/2018,e6a65dfe-9ee7-4514-8270-3ce30f12de0f,NIE OSS PMD
30012,Ife East,NGA,Nigeria,OS,GRID,5/16/2018,7c167ca5-a42b-4c0b-a9c9-ad344261570c,NIE OSS FEE
31020,Lagelu,NGA,Nigeria,OY,EHA_ABRAHAM,1/22/2017,fe5497e3-db43-4e45-9566-12fe1d1c8484,NIE OYS YNF
26005,Keana,NGA,Nigeria,NA,WHO,8/8/2015,4b7a8b2b-8165-4fbf-bfed-a5acd94bc2a7,NIE NAS KEN
16007,Kaltungo,NGA,Nigeria,GO,GRID,2/3/2017,73fdbd5c-50dd-4b8f-872d-de3c2fffffde,NIE GMS KLT
18030,Sule Tankarkar,NGA,Nigeria,JI,EHA-OLUSEYE,9/5/2016,02e85f36-c2dd-471c-8a69-37ba9995e799,NIE JIS STK
18016,Gagarawa,NGA,Nigeria,JI,EHA-OLUSEYE,9/5/2016,351b54ed-2fdb-4f5d-b3dc-d9523ded96a6,NIE JIS GGW
108,Dikwa,NGA,Nigeria,BR,Oluseye.Abraham,4/29/2017,2ef2516f-cb9a-4afd-813e-c58018b6a570,NIE BOS DKW
24013,Offa,NGA,Nigeria,KW,WHO,8/8/2015,5dc415a1-ef4e-476a-830c-50bbdce223bd,NIE KWS FFA
26013,Wamba,NGA,Nigeria,NA,GRID,0,cff80ad3-03a2-4cc5-b4c8-73dd4c03c5fd,NIE NAS WAM
26004,Karu,NGA,Nigeria,NA,GRID,0,6f0eed40-a7c6-406a-b98f-cbb6019a9717,NIE NAS KRV
31002,Akinyele,NGA,Nigeria,OY,EHA-ABRAHAM,11/2/2016,9117bf41-330d-407d-810d-09353c6d929b,NIE OYS MNY
26007,Kokona,NGA,Nigeria,NA,GRID,0,c7312350-fed7-4ff3-b26a-c060ef5fe03c,NIE NAS GRU
26008,Lafia,NGA,Nigeria,NA,GRID,0,693852bd-af9b-4ba7-bf07-9c10cc6523fc,NIE NAS LFA
33005,Andoni,NGA,Nigeria,RI,EHA-OLUSEYE,5/11/2016,f7345210-4fc2-43ab-b2c8-f435a8c120f4,NIE RVS NDN
17019,Okigwe,NGA,Nigeria,IM,GRID,5/16/2018,0b999215-3775-47cc-b179-5905aa74beea,NIE IMS KGE
7006,Guma,NGA,Nigeria,BE,GRID,5/16/2018,d332286b-c5cd-4f8e-bcd0-eaa5fab734b6,NIE BNS YGJ
121,Marte,NGA,Nigeria,BR,EHA-SAMUEL,8/8/2015,131f44b9-3025-415f-8517-5e3097319c15,NIE BOS MAR
14008,Igbo-Eze-North,NGA,Nigeria,EN,WHO,8/8/2015,ff207be6-3089-4e4a-b17a-36539627ac31,NIE ENS ENZ
26002,Awe,NGA,Nigeria,NA,GRID,0,ec805d53-ce39-43b6-a377-7f3975b2bf59,NIE NAS AWE
125,Ngala,NGA,Nigeria,BR,Abraham.Oluseye,8/15/2017,88766b26-1ef3-4843-8e5c-15eed2bfa532,NIE BOS NGL
122,Mobbar,NGA,Nigeria,BR,Oluseye.Abraham,3/31/2017,4e17373e-3dac-43b8-9471-77696e7a8ca7,NIE BOS MBR
16001,Akko,NGA,Nigeria,GO,GRID,1/20/2017,168e1f1e-b179-42c8-928a-640c29dc957e,NIE GMS AKK
16003,Billiri,NGA,Nigeria,GO,GRID,1/20/2017,fe158347-baf9-435c-b471-3c73f57dc0ed,NIE GMS BLR
25005,Apapa,NGA,Nigeria,LA,NGA_TEAMGIS,8/7/2018,7e98011e-e34a-484c-a5c2-366228947629,NIE LAS APP
25014,Mushin,NGA,Nigeria,LA,EHA-OLUSEYE,8/7/2018,1890ab44-cb73-472f-83f7-b9ab31db3122,NIE LAS MUS
25003,Alimosho,NGA,Nigeria,LA,EHA-OLUSEYE,8/7/2018,813138b3-0557-408f-aaea-d6ba9196d376,NIE LAS KTU
25019,Lagos Mainland,NGA,Nigeria,LA,EHA-SAMUEL,8/7/2018,815bdb80-c927-4885-97d0-038edc3d282c,NIE LAS LND
25016,Oshodi/Isolo,NGA,Nigeria,LA,EHA-OLUSEYE,8/7/2018,6032f6f9-3195-4a3c-9918-b4fef58d62cb,NIE LAS LSD
31001,Afijio,NGA,Nigeria,OY,WHO,8/8/2015,b666b35c-c4f1-400a-919e-7d481fd8e78d,NIE OYS JBL
4003,Anambra West,NGA,Nigeria,AN,GRID,1/22/2017,f42656ad-2699-4211-a684-907964a990d6,NIE ANS NZM
4021,Oyi,NGA,Nigeria,AN,GRID,8/8/2015,7100094d-fdcd-4174-aea6-9cfaa9ad44a0,NIE ANS HTE
6004,Nembe,NGA,Nigeria,BY,EHA-OLUSEYE,9/5/2016,3c6fef0a-7ef2-44f7-84e4-b076e9e017d6,NIE BYS NEM
4002,Anambra East,NGA,Nigeria,AN,GRID,8/8/2015,59f60ec7-1f8c-464d-8230-0d78bfb7e5c6,NIE ANS AAH
4011,Idemili South,NGA,Nigeria,AN,GRID,8/8/2015,02c5a2a7-3b7d-45ba-bdc1-59d9aaa9d0d1,NIE ANS JJT
11002,Afikpo North,NGA,Nigeria,EB,EHA_ABRAHAM,1/27/2017,fb921c72-e16c-422c-8bd2-4b8e24bae744,NIE EBS AFK
31023,Ogo Oluwa,NGA,Nigeria,OY,WHO,8/8/2015,b13175c5-2112-4da9-99f1-c55ceee4ea02,NIE OYS AJW
4004,Anaocha,NGA,Nigeria,AN,GRID,8/8/2015,c2c01531-5a3e-46bb-8cfc-ac8e6bd4b75f,NIE ANS NEN
30010,Ejigbo,NGA,Nigeria,OS,GRID,5/16/2018,0e3f01e4-145d-419b-85ca-1be19879843e,NIE OSS EJG
9006,Biase,NGA,Nigeria,CR,GRID,5/16/2018,3c69b692-3efc-47a2-92c2-37af45e7220d,NIE CRS AKP
14009,Igbo-Eze-South,NGA,Nigeria,EN,WHO,8/8/2015,ff682d23-27fa-4395-8b26-d2bc5803e7c2,NIE ENS BBG
30019,Ilesha West,NGA,Nigeria,OS,GRID,5/16/2018,c14c695e-d9a3-42e5-98b1-038be92d5cc8,NIE OSS LEW
9001,Abi,NGA,Nigeria,CR,GRID,5/16/2018,0ff8dac5-90b7-422c-a9f7-469b32e050b4,NIE CRS TGD
14006,Ezeagu,NGA,Nigeria,EN,WHO,8/8/2015,453b60ce-d377-4e07-ad11-23a86700d574,NIE ENS AGW
12012,Oredo,NGA,Nigeria,ED,WHO,8/8/2015,e0862445-2603-4ef4-ab5b-a9caa43dedc4,NIE EDS BEN
31009,Ibadan South East,NGA,Nigeria,OY,WHO,8/8/2015,0b8e1f11-70dc-4d07-9e56-a3151064449d,NIE OYS MAP
9004,Bakassi,NGA,Nigeria,CR,GRID,5/16/2018,7b068aa6-5d4a-491c-890a-8d62a1ff196c,NIE CRS BKS
29014,Okitipupa,NGA,Nigeria,ON,WHO,8/8/2015,684b89df-a010-4438-935d-f04877708b61,NIE ODS KTP
12003,Esan North-East,NGA,Nigeria,ED,WHO,8/8/2015,71214935-6f00-4a0c-95e5-e29cee35f6cf,NIE EDS URM
10012,Ndokwa West,NGA,Nigeria,DE,WHO,8/8/2015,cbcc9ad1-82e9-4168-b0f0-646057b71a87,NIE DTS KWC
12008,Etsako East,NGA,Nigeria,ED,WHO,8/8/2015,86c64078-3519-4935-b66d-686eb61c53d3,NIE EDS AGD
29011,Ile Oluji/Okeigbo,NGA,Nigeria,ON,EHA-OLUSEYE,5/10/2016,fa67dbdc-b860-4fad-a6f2-bef3e49aa5f6,NIE ODS LEL
10006,Ethiope West,NGA,Nigeria,DE,WHO,8/8/2015,c50f2b5f-843e-4315-9881-bee186247f37,NIE DTS GRA
29007,Ese Odo,NGA,Nigeria,ON,WHO,8/8/2015,e4b642b3-0a5c-420b-9d44-27e540b78571,NIE ODS GKB
421,Katsina,NGA,Nigeria,KT,EHA-SAMUEL,1/7/2016,9ad00a6e-056a-460d-bac9-f9be657ecc8e,NIE KTS KTN
23021,Yagba West,NGA,Nigeria,KO,WHO,8/8/2015,ec4f967f-6989-4d2e-b166-f7e0a49f81a2,NIE KGS ERE
10019,Ughelli North,NGA,Nigeria,DE,EHA-OLUSEYE,6/13/2016,2519b543-5551-4baf-9b3a-a1852aef0333,NIE DTS UGH
29012,Irele,NGA,Nigeria,ON,WHO,8/8/2015,a8c6ff60-574d-4bac-a054-b2450b8397f8,NIE ODS REL
29004,Akoko South West,NGA,Nigeria,ON,WHO,8/8/2015,d636a271-6bad-4cc0-8be0-cd79215fe17a,NIE ODS SUA
14003,Enugu East,NGA,Nigeria,EN,WHO,8/8/2015,6d276304-2bb4-4168-8080-640b5c33287e,NIE ENS NKW
29003,Akoko South East,NGA,Nigeria,ON,WHO,8/8/2015,651aa6da-a7c1-4eba-910e-f98c08898b5b,NIE ODS KAA
23002,Ajaokuta,NGA,Nigeria,KO,WHO,8/8/2015,6c3edc03-e14f-4b2d-aae4-ffbfbdaadf27,NIE KGS AJA
23016,Okehi,NGA,Nigeria,KO,WHO,8/8/2015,5a75c905-27d1-4648-a1b3-7d396fddcd0c,NIE KGS KKH
10023,Warri North,NGA,Nigeria,DE,EHA-MICHAEL,4/19/2016,2a2f74e9-1f1c-4540-bd9a-621d087e7a6f,NIE DTS KLK
15004,Kuje,NGA,Nigeria,FC,EHA-OLUSEYE,9/5/2016,95e18bd2-79c2-4827-b51c-2c80fe0d6618,NIE FCT KUJ
10008,Ika South,NGA,Nigeria,DE,EHA-OLUSEYE,6/13/2016,3f141d14-5a88-4642-9302-d97e017cc6de,NIE DTS AGB
6002,Ekeremor,NGA,Nigeria,BY,EHA-MICHAEL,4/19/2016,fb8437ba-302a-4398-8c60-599d29d818ab,NIE BYS KMR
23009,Ijumu,NGA,Nigeria,KO,EHA-OLUSEYE,4/14/2016,bf682efd-423c-4303-a072-1cb759221c64,NIE KGS JMU
17014,Nkwerre,NGA,Nigeria,IM,GRID,5/16/2018,d2aa1884-c874-42de-99a6-b9e5a7a3ae49,NIE IMS NKR
6001,Brass,NGA,Nigeria,BY,EHA-MICHAEL,4/19/2016,69278622-41b8-43af-981f-8696092cceda,NIE BYS BRS
23001,Adavi,NGA,Nigeria,KO,WHO,8/8/2015,3ba9eead-2dfa-4e8d-b91a-7152016fe4fc,NIE KGS DAV
11006,Ezza South,NGA,Nigeria,EB,WHO,8/8/2015,718fa865-7629-4152-bd11-1d7e8ee6e737,NIE EBS NKE
609,Isa,NGA,Nigeria,SO,EHA-OLUSEYE,9/5/2016,dc4e9120-2364-41dd-9954-f052d31977ee,NIE SOS SAA
12006,Esan West,NGA,Nigeria,ED,EHA-OLUSEYE,9/5/2016,82a4faf9-d468-4fc4-9af8-85e9a1682421,NIE EDS EKP
10001,Aniocha North,NGA,Nigeria,DE,WHO,8/8/2015,350372be-15df-46fc-b84e-6dfa8453b81a,NIE DTS SLK
23010,Kabba/Bunu,NGA,Nigeria,KO,EHA-OLUSEYE,4/14/2016,63e5ea93-f51e-40e3-805d-84bf5708b778,NIE KGS KAB
10021,Ukwuani,NGA,Nigeria,DE,WHO,8/8/2015,18c48cd2-995e-4693-8fdf-4930272f2875,NIE DTS BKW
431,Sabuwa,NGA,Nigeria,KT,EHA-SAMUEL,8/8/2015,56c097d6-8b5c-461b-bf44-bf6adc8c8914,NIE KTS SBA
23014,Ofu,NGA,Nigeria,KO,WHO,8/8/2015,2741f906-10df-4767-b711-14df3447e688,NIE KGS KFU
15005,Kwali,NGA,Nigeria,FC,EHA-OLUSEYE,9/5/2016,3c76134d-2d55-4b0f-8976-9807a8acca50,NIE FCT KWL
23008,Igalamela-Odolu,NGA,Nigeria,KO,WHO,8/8/2015,8afb1210-da11-4fd0-8f19-7fe7e61d3ea6,NIE KGS AJK
33011,Etche,NGA,Nigeria,RI,WHO,8/8/2015,bc728831-8de2-4e2d-b2b0-f49b8f2c3e35,NIE RVS KHE
24007,Ilorin South,NGA,Nigeria,KW,EHA-OLUSEYE,4/15/2016,addeabaf-f2f8-4a85-8d0c-1cab72f7b7a1,NIE KWS FUF
414,Funtua,NGA,Nigeria,KT,EHA-OLUSEYE,9/5/2016,faabe0ea-e2d8-414c-8b25-cba9c6e417cb,NIE KTS FTA
423,Kusada,NGA,Nigeria,KT,EHA-OLUSEYE,1/19/2016,01709b8d-4be5-4c2a-ba34-30f6f85f4d12,NIE KTS KSD
3006,Etim Ekpo,NGA,Nigeria,AK,WHO,8/8/2015,b89ff995-2ea9-42b3-894d-954af5e02d6c,NIE AKS AEE
27003,Bida,NGA,Nigeria,NI,EHA_ABRAHAM,1/25/2017,a3b4b45b-0638-457a-9121-6169cc0796ed,NIE NIS BDA
3019,Nsit Atai,NGA,Nigeria,AK,WHO,8/8/2015,35f44905-65db-46eb-8590-9f1faf0a5a6f,NIE AKS AED
35007,Jalingo,NGA,Nigeria,TA,EHA-OLUSEYE,4/11/2016,f509ca21-459e-47c6-b927-c3e50ba51bc2,NIE TRS JAL
3013,Ikot Abasi,NGA,Nigeria,AK,EHA-SAMUEL,1/7/2016,fed48ddc-5607-4b64-bb75-66a412a4e90c,NIE AKS KTS
418,Kaita,NGA,Nigeria,KT,EHA-SAMUEL,1/7/2016,4b64984d-2411-45e5-bc16-316aea543aca,NIE KTS KAT
3020,Nsit Ibom,NGA,Nigeria,AK,WHO,8/8/2015,21c2f906-799b-426b-9bbd-1247275e7d39,NIE AKS AFG
3012,Ikono,NGA,Nigeria,AK,WHO,8/8/2015,0a561cc7-53d7-4013-906a-706d64a934d4,NIE AKS KKN
405,Bindawa,NGA,Nigeria,KT,EHA-OLUSEYE,1/26/2016,b272bdd3-e6f8-441a-b7c0-ab3d7906f4de,NIE KTS BDW
3016,Itu,NGA,Nigeria,AK,WHO,8/8/2015,5f758ce5-9c48-4548-b7ff-82385854c9c1,NIE AKS TTU
19006,Jaba,NGA,Nigeria,KD,eHA-Tosin,8/8/2015,e2dc6ddb-3914-4f88-9b83-4cb0da371d88,NIE KDS KWB
410,Daura,NGA,Nigeria,KT,EHA-OLUSEYE,9/5/2016,cb810df7-434c-452e-892a-124e6569697e,NIE KTS DRA
3021,Nsit Ubium,NGA,Nigeria,AK,WHO,8/8/2015,e08ebc1b-0f3b-4cda-8cfe-38ea76f7b3d0,NIE AKS KTD
424,Mai'Adua,NGA,Nigeria,KT,EHA-OLUSEYE,9/5/2016,056bba7f-3564-44cb-a777-fb2308dc1e61,NIE KTS MDW
23015,Ogori/Magongo,NGA,Nigeria,KO,WHO,8/8/2015,80629fcd-37b5-47c8-b9d9-f8f8538ad410,NIE KGS KPF
29006,Akure South,NGA,Nigeria,ON,EHA-OLUSEYE,5/11/2016,c582b454-49cc-4ff5-9055-147380bb7658,NIE ODS AKR
18015,Roni,NGA,Nigeria,JI,EHA-OLUSEYE,12/22/2015,8b8b8d46-e1c3-4f71-a367-051e80f011a1,NIE JIS RRN
411,Dutsi,NGA,Nigeria,KT,EHA-SAMUEL,1/7/2016,ee2afe88-d999-4ace-aa08-21bcddb8d032,NIE KTS DTS
26011,Obi,NGA,Nigeria,NA,WHO,8/8/2015,6b08faa5-5d45-4123-a53a-d18f21ac028c,NIE NAS NBB
18009,Gwiwa,NGA,Nigeria,JI,EHA-TOSIN,8/8/2015,4c461ea8-103a-436c-8d96-c7762d646dba,NIE JIS GWW
11010,Izzi,NGA,Nigeria,EB,WHO,8/8/2015,45488091-736f-4e71-9411-08c98fe2066b,NIE EBS BKL
29015,Ondo East,NGA,Nigeria,ON,EHA-OLUSEYE,5/11/2016,3c0028ee-8dfc-4533-8719-a1b3698d8b24,NIE ODS BDR
19013,Kaura,NGA,Nigeria,KD,eHA-Tosin,8/8/2015,ea9e5fab-55a3-40a8-bbfa-7db6afdc97d4,NIE KDS KRA
13003,Ekiti East,NGA,Nigeria,EK,GRID,3/11/2016,4a1e2106-2a84-4886-9b12-ceda61e6e2e7,NIE EKS MUE
18004,Babura,NGA,Nigeria,JI,EHA-OLUSEYE,12/18/2015,8fc55554-c544-46f4-8188-e4bc56178598,NIE JIS BBR
35014,Wukari,NGA,Nigeria,TA,EHA-OLUSEYE,4/15/2016,5d073426-5107-44c4-a08a-b8d0afd4f8a6,NIE TRS WKR
27024,Tafa,NGA,Nigeria,NI,EHA-MICHAEL,4/18/2016,98690724-a0d6-4bfa-9a5e-676035441a79,NIE NIS WSE
12010,Iguegben,NGA,Nigeria,ED,EHA-OLUSEYE,9/5/2016,7b975297-af12-4063-9d84-1851e1b906d4,NIE EDS GUE
29009,Ifedore,NGA,Nigeria,ON,EHA-OLUSEYE,5/10/2016,6b99e539-73c3-4230-b260-920b2f1d60e7,NIE ODS FGB
35001,Ardo-Kola,NGA,Nigeria,TA,EHA-OLUSEYE,8/19/2016,2660833c-e10e-44ea-ad3e-9250e3e647c5,NIE TRS ARD
713,Nguru,NGA,Nigeria,YO,EHA-ABRAHAM,11/7/2016,9f5a4101-2032-4d0c-aea6-63a734f3f867,NIE YBS NGU
10003,Bomadi,NGA,Nigeria,DE,EHA-MICHAEL,4/19/2016,ddf07980-8ba3-40c9-bf19-1452a49eae94,NIE DTS BMA
6007,Southern Ijaw,NGA,Nigeria,BY,EHA-OLUSEYE,5/10/2016,fca48cb1-4e58-4d08-bfce-dea7494ef942,NIE BYS SPR
12011,Ikpoba-Okha,NGA,Nigeria,ED,EHA-OLUSEYE,5/10/2016,479d95cf-f258-4410-8b88-ffd79f52bf98,NIE EDS DGE
33003,Ahoada West,NGA,Nigeria,RI,WHO,8/8/2015,f6a1f790-5ed9-4ab7-9eeb-5e96bb8b7234,NIE RVS KNM
608,Illela,NGA,Nigeria,SO,EHA-SAMUEL,2/4/2016,bb2b1738-cfc1-4249-ba44-5325cd0bf4ce,NIE SOS LLA
1012,Ugwunagbo,NGA,Nigeria,AB,GRID,0,f8a64eb1-93e0-4893-a345-65c131b02f05,NIE ABS GWB
20016,Gabasawa,NGA,Nigeria,KN,EHA-SAMUEL,2/4/2016,7bbe2df7-4977-48af-b660-327da884a3e9,NIE KNS GSW
35009,Kurmi,NGA,Nigeria,TA,EHA-OLUSEYE,5/11/2016,19c5bb57-cb4a-419c-8b41-06d7b8aead23,NIE TRS KRM
10016,Patani,NGA,Nigeria,DE,WHO,8/8/2015,74ccffe6-efcd-4b51-8a0f-57e4a3694d31,NIE DTS PTN
18010,Kazaure,NGA,Nigeria,JI,EHA-SAMUEL,9/11/2015,867cfb46-a68a-448d-8271-555fe22598dd,NIE JIS KZR
23018,Olamaboro,NGA,Nigeria,KO,EHA-OLUSEYE,4/11/2016,e1ba7998-d443-4aa9-a1b0-39547e5474e4,NIE KGS LAM
12017,Owan West,NGA,Nigeria,ED,WHO,8/8/2015,df2a13b1-224a-4cb2-a62e-886ed7baa7b9,NIE EDS SGD
27007,Edati,NGA,Nigeria,NI,WHO,8/8/2015,c56656d9-ef99-4517-83a7-87b932b7145d,NIE NIS ENG
10020,Ughelli South,NGA,Nigeria,DE,EHA-OLUSEYE,6/13/2016,4d13a2bc-164d-4945-a987-845247ae6e29,NIE DTS JRT
10018,Udu,NGA,Nigeria,DE,WHO,8/8/2015,afd06d28-aae7-4484-a91d-f321a38b1460,NIE DTS ALA
33017,Ogu Bolo,NGA,Nigeria,RI,WHO,8/8/2015,e16a6582-8055-4d6f-a4f3-ee35aff37592,NIE RVS GGU
13013,Irepodun/Ifelodun,NGA,Nigeria,EK,GRID,5/5/2016,4185cc60-3efb-4457-b91b-ef32a02238cf,NIE EKS GED
508,Dandi,NGA,Nigeria,KB,EHA-TOSIN,8/8/2015,964dd325-01a3-4a15-9547-1ced07ecf47b,NIE KBS KMB
12013,Orhionmwon,NGA,Nigeria,ED,EHA-OLUSEYE,6/13/2016,be74c28f-9ea0-47c5-96f4-eb2608025a6c,NIE EDS ABD
24009,Irepodun,NGA,Nigeria,KW,WHO,8/8/2015,4f44a480-0faa-4883-8c52-34a65839702c,NIE KWS MUN
803,Birnin Magaji-Kiyaw,NGA,Nigeria,ZA,EHA-SAMUEL,2/6/2016,fa2516d6-91fc-4521-9f65-e8ce4edc6591,NIE ZAS BMJ
24008,Ilorin West,NGA,Nigeria,KW,EHA-OLUSEYE,4/15/2016,7287ae13-a40c-43a9-b104-e771b0893c3c,NIE KWS LRN
623,Yabo,NGA,Nigeria,SO,EHA-TOSIN,8/8/2015,d2e1b11b-40f9-47d2-b10c-25f8e938e234,NIE SOS YYB
409,Dan Musa,NGA,Nigeria,KT,eHA-Tosin,8/8/2015,611d7060-5b1c-4257-ba59-6536f6c76549,NIE KTS DMS
14013,Nsukka,NGA,Nigeria,EN,WHO,8/8/2015,d8a9d2d1-ce42-4e7c-ac1e-2040309cb73c,NIE ENS NSK
29016,Ondo West,NGA,Nigeria,ON,EHA-OLUSEYE,5/10/2016,3deca125-f272-4e9c-848c-b322a2a0321d,NIE ODS NND
807,Gusau,NGA,Nigeria,ZA,EHA-SAMUEL,2/4/2016,c6e5e259-b2d1-46dd-ac54-245def7d2bf3,NIE ZAS GUS
432,Safana,NGA,Nigeria,KT,NGA_TEAMGIS,8/8/2015,5d16d619-862d-4fdc-8f87-4cf7f6713a07,NIE KTS SFN
24010,Isin,NGA,Nigeria,KW,EHA-OLUSEYE,4/14/2016,7a7d6bd9-b563-4013-8323-22edb1eb4c0b,NIE KWS WSN
517,Shanga,NGA,Nigeria,KB,EHA-OLUSEYE,4/11/2016,e2c1555f-cd21-487f-bef9-9b816fe55c0f,NIE KBS SNA
27004,Borgu,NGA,Nigeria,NI,EHA-OLUSEYE,9/5/2016,f64425f9-ee53-4579-80eb-de8d5a183861,NIE NIS NBS
617,Sokoto South,NGA,Nigeria,SO,EHA-TOSIN,8/8/2015,1e143f57-fc9b-48cb-b2b5-fe8f1e236265,NIE SOS SRZ
502,Arewa Dandi,NGA,Nigeria,KB,EHA-SAMUEL,2/4/2016,50d9df9d-1e86-4bfd-beb1-fbc90edf2ae5,NIE KBS KGW
13015,Moba,NGA,Nigeria,EK,GRID,3/11/2016,723d477e-1abc-4f91-aefa-360b14c82bcf,NIE EKS TUN
506,Birnin Kebbi,NGA,Nigeria,KB,EHA-TOSIN,8/8/2015,87e34068-1fbf-459f-b968-55be03e58dc2,NIE KBS BRK
510,Gwandu,NGA,Nigeria,KB,EHA-SAMUEL,8/8/2015,2262e724-6b77-4f85-bdee-25c05b80b909,NIE KBS GWN
511,Jega,NGA,Nigeria,KB,EHA-SAMUEL,2/6/2016,7c10279b-6f7e-4fe4-b0d5-bc04cfa50b70,NIE KBS JEG
33013,Ikwerre,NGA,Nigeria,RI,WHO,8/8/2015,7fe84f39-4341-49e6-9843-cfa8b8541520,NIE RVS SKP
27002,Agwara,NGA,Nigeria,NI,EHA-OLUSEYE,4/14/2016,1b832fa4-8d8e-4d72-934c-b133eb1f74ad,NIE NIS AGR
619,Tangaza,NGA,Nigeria,SO,EHA-SAMUEL,9/30/2015,cdba07a1-999d-4907-bdac-2d580bc7284e,NIE SOS TGZ
503,Argungu,NGA,Nigeria,KB,EHA-SAMUEL,2/4/2016,976014cf-0dbc-4af1-a8b9-cdb5e5ae4b0b,NIE KBS ARG
29013,Odigbo,NGA,Nigeria,ON,WHO,8/8/2015,2f96ca9f-3e8e-4b20-af01-d52a85475b47,NIE ODS REE
10005,Ethiope East,NGA,Nigeria,DE,WHO,8/8/2015,830b4780-3f17-4887-9e91-5a6b04bdeeaa,NIE DTS SKL
10017,Sapele,NGA,Nigeria,DE,WHO,8/8/2015,56eb7e91-f3bd-4119-9f83-e868de89f2f4,NIE DTS SAP
29010,Ilaje,NGA,Nigeria,ON,EHA-MICHAEL,4/20/2016,4d00b004-73d3-482e-9eec-628e75812c86,NIE ODS GBA
10024,Warri South,NGA,Nigeria,DE,EHA-OLUSEYE,5/11/2016,953a7271-e822-4b04-9f67-3945a4e8140a,NIE DTS WWR
515,Ngaski,NGA,Nigeria,KB,EHA-OLUSEYE,4/15/2016,3775ce62-5f67-4cb0-a7f8-e80a2f3c5b44,NIE KBS WRR
29002,Akoko North West,NGA,Nigeria,ON,WHO,8/8/2015,f9e954a6-35b1-4a7b-9703-62e708a125de,NIE ODS ANG
509,Fakai,NGA,Nigeria,KB,EHA-OLUSEYE,9/5/2016,fc3428c1-306b-4fe9-9e11-a3eb08c4dbdf,NIE KBS MHT
520,Yauri,NGA,Nigeria,KB,EHA-OLUSEYE,4/14/2016,094cd50f-2c4c-47bd-b643-5c0bb144a6e8,NIE KBS YLW
10022,Uvwie,NGA,Nigeria,DE,EHA-OLUSEYE,5/10/2016,2375776b-30ba-4a0a-a7aa-35c5d3ee8b72,NIE DTS EFR
10013,Okpe,NGA,Nigeria,DE,EHA-OLUSEYE,5/10/2016,00cbf90b-93e1-4abb-a471-d3ff1924340f,NIE DTS KPE
29008,Idanre,NGA,Nigeria,ON,EHA-OLUSEYE,5/11/2016,298ed831-5fbf-4b78-9217-b366577d5eaf,NIE ODS WEN
33016,Ogba/Egbema/Ndoni,NGA,Nigeria,RI,WHO,8/8/2015,8fcd4666-c4c3-4222-8c7d-a950292093df,NIE RVS RGM
6005,Ogbia,NGA,Nigeria,BY,EHA_ABRAHAM,1/22/2017,5227241c-f546-4bfd-a277-7ec9fa8dff51,NIE BYS GBB
29018,Owo,NGA,Nigeria,ON,WHO,8/8/2015,bfe8f299-99df-4fa3-a517-3aab3bd8d52b,NIE ODS WWW
607,Gwadabawa,NGA,Nigeria,SO,EHA-SAMUEL,9/30/2015,515786e5-20a7-4fe4-b478-9fe5c7ed39b1,NIE SOS GWD
12015,Ovia South-West,NGA,Nigeria,ED,WHO,8/8/2015,f713ef1c-4509-46ff-a3f3-5f1f3cd0b985,NIE EDS GBZ
616,Sokoto North,NGA,Nigeria,SO,EHA-TOSIN,8/8/2015,ec2c7163-43cc-4588-a9a0-aff1ee298508,NIE SOS SKK
10002,Aniocha South,NGA,Nigeria,DE,WHO,8/8/2015,1e1140ab-a4f7-41f4-a237-0f712dd61afa,NIE DTS GWK
10010,Isoko South,NGA,Nigeria,DE,WHO,8/8/2015,924d6cc6-be04-421a-9f72-4f33bab5f9b6,NIE DTS LEH
611,Kware,NGA,Nigeria,SO,EHA-TOSIN,8/8/2015,2ffdc30b-0ea2-4e8a-8aad-686b5fe0c686,NIE SOS KWR
433,Sandamu,NGA,Nigeria,KT,eHA-Tosin,8/8/2015,c668f8f9-0ad0-4c25-bbe7-efc9777a356a,NIE KTS SDM
10004,Burutu,NGA,Nigeria,DE,EHA-MICHAEL,4/19/2016,1891324d-0b82-4eb9-9845-d01d394490cf,NIE DTS BUR
29001,Akoko North East,NGA,Nigeria,ON,WHO,8/8/2015,45f380ad-1be0-45ad-824e-2cb8b8062ec1,NIE ODS KAK
30016,Ifelodun,NGA,Nigeria,OS,GRID,5/16/2018,96ab2c37-ece9-45f7-b43b-8ea5dedaafcb,NIE OSS KNR
12016,Owan East,NGA,Nigeria,ED,WHO,8/8/2015,20ed7535-bdc5-4e07-9d3f-233d89709cdd,NIE EDS AFZ
23020,Yagba East,NGA,Nigeria,KO,WHO,8/8/2015,49e33d36-6dc7-448f-89aa-c11fd1de6c74,NIE KGS SAN
35016,Zing,NGA,Nigeria,TA,Oluseye.Abraham,3/30/2017,5af81f05-36b1-4af6-b222-8f3490100f51,NIE TRS TZG
29017,Ose,NGA,Nigeria,ON,WHO,8/8/2015,7f9b9499-6d69-4e78-a1a6-525be674f17f,NIE ODS FFN
404,Baure,NGA,Nigeria,KT,EHA-OLUSEYE,12/18/2015,5cee94e0-bbc3-4134-a94e-0982f40de29e,NIE KTS BRE
6006,Sagbama,NGA,Nigeria,BY,EHA-OLUSEYE,5/10/2016,0e0316d5-18b8-4aee-8fa0-a6edd466caa6,NIE BYS SAG
12009,Etsako West,NGA,Nigeria,ED,WHO,8/8/2015,8cbca187-f2d1-4436-aae4-6aafb4f58632,NIE EDS AUC
13010,Ikere,NGA,Nigeria,EK,GRID,3/11/2016,5542b0df-af34-4125-b47e-2da7f50282cb,NIE EKS KER
27010,Katcha,NGA,Nigeria,NI,WHO,8/8/2015,73174b16-24f1-4a12-b9e5-0de591f3ab25,NIE NIS KHA
10009,Isoko North,NGA,Nigeria,DE,WHO,8/8/2015,0fcfd49e-15ae-417f-a937-390d2501faa2,NIE DTS DSZ
23017,Okene,NGA,Nigeria,KO,WHO,8/8/2015,466dae59-51b6-4396-8213-73fc292f1247,NIE KGS KNE
812,Talata Mafara,NGA,Nigeria,ZA,EHA-SAMUEL,2/6/2016,5cb9510d-5846-482d-8bb6-24422414d60c,NIE ZAS TMA
33008,Degema,NGA,Nigeria,RI,EHA-OLUSEYE,6/13/2016,6dd43980-dc31-4b23-af8d-76a5690b8b13,NIE RVS DEG
12001,Akoko-Edo,NGA,Nigeria,ED,WHO,8/8/2015,927112fe-47bf-48fe-bf69-e706ff530977,NIE EDS GAR
11011,Ohaozara,NGA,Nigeria,EB,WHO,8/8/2015,146bde5f-fb8f-415b-be4a-7249d01a0b5b,NIE EBS BZR
30002,Ayedire,NGA,Nigeria,OS,GRID,5/16/2018,69612f05-7505-41ff-910e-51cd6c21f4c7,NIE OSS LGB
811,Shinkafi,NGA,Nigeria,ZA,EHA-OLUSEYE,9/5/2016,69766175-0500-4ede-aa47-27dff41796ff,NIE ZAS SKF
33001,Abua/Odual,NGA,Nigeria,RI,WHO,8/8/2015,9765333f-f24b-4cb1-be9d-1f0243b3b915,NIE RVS ABU
23004,Bassa,NGA,Nigeria,KO,WHO,8/8/2015,07a2c5e0-6737-45e1-be05-550c09c76abe,NIE KGS BAS
10011,Ndokwa East,NGA,Nigeria,DE,WHO,8/8/2015,c855952c-c9b8-46bf-9d0b-da78aadfddd9,NIE DTS ABH
6008,Yenegoa,NGA,Nigeria,BY,EHA_ABRAHAM,1/22/2017,2c6cced3-d627-4a05-8699-2cbb249ffc5a,NIE BYS YEN
23019,Omala,NGA,Nigeria,KO,WHO,8/8/2015,2c3021b1-1d88-471e-af56-73cd8aa35759,NIE KGS BJK
14007,Igbo-Etiti,NGA,Nigeria,EN,WHO,8/8/2015,86983145-d0c6-4fda-93a0-b031d53bac2e,NIE ENS GBO
23012,Lokoja,NGA,Nigeria,KO,WHO,8/8/2015,b7dc3621-dba8-4165-8970-533878ea617e,NIE KGS LKJ
33010,Emuoha,NGA,Nigeria,RI,WHO,8/8/2015,62c0d2c5-3294-49ac-aa0f-7ad75d20aa9a,NIE RVS MHA
808,Kaura Namoda,NGA,Nigeria,ZA,EHA-SAMUEL,2/6/2016,923ba998-74c8-4d81-91c9-6a249df052d4,NIE ZAS KRN
27025,Wushishi,NGA,Nigeria,NI,EHA_ABRAHAM,1/25/2017,a470de9f-4d3f-438c-9332-4c6735c313a4,NIE NIS WSH
813,Tsafe,NGA,Nigeria,ZA,EHA-OLUSEYE,1/21/2016,09a8f720-0e22-45a4-95a8-58539b763c5a,NIE ZAS TSF
10025,Warri South-West,NGA,Nigeria,DE,EHA-MICHAEL,4/19/2016,88187ced-e635-46a7-b092-b07d7cd58c2f,NIE DTS WRC
814,Zurmi,NGA,Nigeria,ZA,EHA-SAMUEL,2/4/2016,530a81bb-24bc-417c-ad10-b0b67f3b4367,NIE ZAS ZRM
2010,Madagali,NGA,Nigeria,AD,Oluseye.Abraham,3/31/2017,0a9f4ff1-8c35-4cd2-b190-65ddf76d769a,NIE ADS MDG
27018,Munya,NGA,Nigeria,NI,NGA_TEAMGIS,8/8/2015,f2958544-3d98-4654-8e80-68eea4eda9ed,NIE NIS SRP
23005,Dekina,NGA,Nigeria,KO,WHO,8/8/2015,5d522bf6-124b-4af6-a760-bbe61c5dccaf,NIE KGS KNA
407,Dandume,NGA,Nigeria,KT,EHA-SAMUEL,10/29/2015,af4dbc33-59b7-4683-9d1d-5964310692f3,NIE KTS DDM
33022,Port-Harcourt,NGA,Nigeria,RI,WHO,8/8/2015,62d72bf8-4ed6-4169-aabc-a767a80f2615,NIE RVS PHC
403,Batsari,NGA,Nigeria,KT,EHA-SAMUEL,1/7/2016,089bc2a9-e809-4be2-aa8b-9feeea40fdba,NIE KTS BTR
23011,Kogi,NGA,Nigeria,KO,EHA-OLUSEYE,4/8/2016,4bb48f8d-d713-472d-ab27-dc9304e1d8f5,NIE KGS KKF
14002,Awgu,NGA,Nigeria,EN,WHO,8/8/2015,c113906b-3e43-4ae0-99be-71e5039928d4,NIE ENS AWG
14011,Nkanu East,NGA,Nigeria,EN,WHO,8/8/2015,939dcdc7-972a-40fd-aa5e-dde95b4245ca,NIE ENS MGL
413,Faskari,NGA,Nigeria,KT,EHA-OLUSEYE,9/5/2016,291e5134-595b-4891-9eed-74417a9f6d0d,NIE KTS FSK
33018,Okrika,NGA,Nigeria,RI,WHO,8/8/2015,3cf00457-a415-4fff-8e61-d80d979adcc2,NIE RVS KRK
15003,Gwagwalada,NGA,Nigeria,FC,EHA-OLUSEYE,9/5/2016,80c00c47-651d-4b7f-bd76-18f13a54701f,NIE FCT GWA
33021,Oyigbo,NGA,Nigeria,RI,WHO,8/8/2015,bc7e9ae5-d273-4886-991b-3631ff6544a1,NIE RVS AFM
3011,Ika,NGA,Nigeria,AK,WHO,8/8/2015,de939205-1ac7-4516-bf22-b08296354ad3,NIE AKS NYA
416,Jibia,NGA,Nigeria,KT,EHA-SAMUEL,1/7/2016,de963ee5-a663-4f50-acdd-557f76cdb407,NIE KTS JBY
14010,Isi-Uzo,NGA,Nigeria,EN,WHO,8/8/2015,09c11952-962c-4b5e-ba61-93a5757d0c11,NIE ENS KEM
7023,Vandeikya,NGA,Nigeria,BE,GRID,5/16/2018,b7bce666-0b41-4e77-b7fc-3455c125ed7e,NIE BNS VDY
419,Kankara,NGA,Nigeria,KT,EHA-MICHAEL,2/9/2016,52d81a99-660d-46b3-bf7f-1a082b59fc7d,NIE KTS KKR
106,Chibok,NGA,Nigeria,BR,Oluseye.Abraham,3/31/2017,5a25c8d9-e0c0-4bc2-99cc-f470c12710b1,NIE BOS CBK
27023,Suleja,NGA,Nigeria,NI,EHA_ABRAHAM,1/25/2017,eb3293bb-f5bc-439b-b685-c695baabaf6d,NIE NIS SUL
412,Dutsin Ma,NGA,Nigeria,KT,EHA-OLUSEYE,12/23/2015,3d50bde3-ef04-4079-8de0-c6b9c4c945ef,NIE KTS DTM
14015,Udenu,NGA,Nigeria,EN,WHO,8/8/2015,c706a611-2ade-437a-b9be-00a0ffa29405,NIE ENS BLF
13009,Ijero,NGA,Nigeria,EK,GRID,3/11/2016,b54d1d76-eefc-4db7-8300-db2775d9cd57,NIE EKS JER
11013,Onicha,NGA,Nigeria,EB,WHO,8/8/2015,9ba8f6cd-a342-46c6-897e-fc25b6b47b68,NIE EBS NCA
401,Bakori,NGA,Nigeria,KT,EHA-OLUSEYE,1/19/2016,789c5527-58e7-4351-9244-70069812bbff,NIE KTS BKR
11008,Ishielu,NGA,Nigeria,EB,WHO,8/8/2015,8755ab48-a373-4023-9ca3-c4528d051aeb,NIE EBS ZLL
28019,Remo North,NGA,Nigeria,OG,GRID,0,0e2a3a5f-bb2f-40a8-8f6d-9e1bd48b5e5d,NIE OGS TTN
422,Kurfi,NGA,Nigeria,KT,EHA-OLUSEYE,1/19/2016,90c6de3e-3e2a-4db0-827b-7a34d07a5478,NIE KTS KUF
3022,Obot Akara,NGA,Nigeria,AK,WHO,8/8/2015,5342a414-eae8-489c-a514-b18e812f0f07,NIE AKS NTE
408,Danja,NGA,Nigeria,KT,EHA-SAMUEL,8/8/2015,7bbc863e-dca4-433f-8f9f-423ca3cb4859,NIE KTS DJA
19010,Kaduna South,NGA,Nigeria,KD,EHA-TOSIN,8/8/2015,c3ae04ce-317a-4558-8d04-ca898ab070a3,NIE KDS MKA
425,Malumfashi,NGA,Nigeria,KT,EHA-MICHAEL,2/9/2016,de0dc2c2-5bed-415c-93ff-7a0090f741cd,NIE KTS MLF
17008,Ikeduru,NGA,Nigeria,IM,GRID,5/16/2018,f77d01a1-f01f-4ac1-b8a6-7d6c0c2393c4,NIE IMS KED
31012,Ibarapa East,NGA,Nigeria,OY,EHA-OLUSEYE,5/10/2016,b6785f9a-465e-4a41-924c-89db0e235fbe,NIE OYS RUW
402,Batagarawa,NGA,Nigeria,KT,EHA-SAMUEL,1/7/2016,dc375a08-c047-420a-b033-a46e13453acc,NIE KTS BAT
20015,Tofa,NGA,Nigeria,KN,EHA-OLUSEYE,1/25/2016,ef2cf2f3-892d-4d97-a682-399b8fa2eec8,NIE KNS TFA
19009,Kaduna North,NGA,Nigeria,KD,EHA-OLUSEYE,9/5/2016,159a716a-dc8f-4781-98ed-d8048b6bb4e7,NIE KDS DKA
429,Musawa,NGA,Nigeria,KT,EHA-TOSIN,8/8/2015,669b0ad9-5828-461c-8ce2-d539ecf23d3f,NIE KTS MSW
3028,Ukanafun,NGA,Nigeria,AK,WHO,8/8/2015,07bf4673-f933-4c61-ad84-55622cb031b7,NIE AKS KPK
14001,Aninri,NGA,Nigeria,EN,WHO,8/8/2015,258eb19b-d193-49b1-a9c1-d3c3dbc486ed,NIE ENS DBR
11001,Abakaliki,NGA,Nigeria,EB,WHO,8/8/2015,d0137c1c-42fc-4cad-ae97-22869bcfa8b9,NIE EBS AKL
417,Kafur,NGA,Nigeria,KT,EHA-MICHAEL,2/8/2016,f88bc822-3254-42d0-8e67-d174b5dfe05f,NIE KTS KFR
31033,Surulere,NGA,Nigeria,OY,EHA_ABRAHAM,1/22/2017,92707de7-6570-4251-9029-365494c96903,NIE OYS RSD
19012,Kajuru,NGA,Nigeria,KD,EHA-MICHAEL,3/11/2016,bdd29263-45ad-45f0-9240-e2dcde5bae45,NIE KDS KJR
3001,Abak,NGA,Nigeria,AK,WHO,8/8/2015,2d428ef1-9149-4814-8970-4463c9f18ed8,NIE AKS ABK
428,Matazu,NGA,Nigeria,KT,eHA-Tosin,8/8/2015,240d8728-718b-45fe-8985-a61b73cb1ffe,NIE KTS MTZ
3024,Onna,NGA,Nigeria,AK,WHO,8/8/2015,34ca798b-da3f-4f00-bac6-d840ab8d63f4,NIE AKS ABT
14016,Udi,NGA,Nigeria,EN,WHO,8/8/2015,82d09e3d-fbed-4524-a53a-aceebb1d0162,NIE ENS UDD
3026,Oruk Anam,NGA,Nigeria,AK,WHO,8/8/2015,1bf3bebd-5a94-469d-bab8-7dac4c938cfc,NIE AKS KTM
3007,Etinan,NGA,Nigeria,AK,WHO,8/8/2015,8f253e14-ffe6-4fce-9642-98f791e5bb92,NIE AKS ETN
406,Charanchi,NGA,Nigeria,KT,EHA-OLUSEYE,1/26/2016,2df3cdbb-a9fa-423f-a61b-7f04506ac4b1,NIE KTS CRC
3014,Ikot Ekpene,NGA,Nigeria,AK,WHO,8/8/2015,78db606b-f677-496b-be2e-0576a0137034,NIE AKS KTE
430,Rimi,NGA,Nigeria,KT,EHA-SAMUEL,1/7/2016,f764a8cd-761c-44c6-bf23-4b48392c5c1e,NIE KTS RMY
14014,Oji-River,NGA,Nigeria,EN,WHO,8/8/2015,1e4819b8-bc42-44a1-b54f-9f85c2eac9fe,NIE ENS JRV
18019,Yankwashi,NGA,Nigeria,JI,eHA-Tosin,8/8/2015,c891f85b-76e8-4993-96f5-dd2326cebf43,NIE JIS YKS
420,Kankia,NGA,Nigeria,KT,EHA-OLUSEYE,1/19/2016,67f9a149-e733-486f-b694-162113111bfe,NIE KTS KNK
427,Mashi,NGA,Nigeria,KT,eHA-Tosin,8/8/2015,af8585e0-ceef-4010-b63b-b20d3c940147,NIE KTS MSH
3015,Ini,NGA,Nigeria,AK,WHO,8/8/2015,49c44386-698b-4263-936c-f611aa569847,NIE AKS DRK
20041,Karaye,NGA,Nigeria,KN,EHA-OLUSEYE,9/5/2016,faaeee95-15c9-4c61-b962-65f904d95e60,NIE KNS KRY
3018,Mkpat Enin,NGA,Nigeria,AK,WHO,8/8/2015,fa9352c0-fa4a-4ea8-a18f-aff56ec1ed4e,NIE AKS MKP
11005,Ezza North,NGA,Nigeria,EB,WHO,8/8/2015,9a0e7513-6a07-4d2c-8726-f1afb2b9854d,NIE EBS EBJ
33014,Khana,NGA,Nigeria,RI,WHO,8/8/2015,4639be46-1819-41f3-895c-1c5e65af6201,NIE RVS BRR
426,Mani,NGA,Nigeria,KT,EHA-MICHAEL,1/8/2016,f402f052-d689-4dfa-aa63-7fbbd038f01d,NIE KTS MAN
20008,Tsanyawa,NGA,Nigeria,KN,NGA_TEAMGIS,8/8/2015,8d394a62-9e78-4ee9-8618-ef53821eb607,NIE KNS TYW
3031,Uyo,NGA,Nigeria,AK,WHO,8/8/2015,2d4cf2d3-d6c7-466e-80ec-ca1ae9bdf175,NIE AKS DYY
20017,Gwarzo,NGA,Nigeria,KN,EHA-OLUSEYE,9/5/2016,68ef9294-f44a-43cd-bd6b-5d8dcd5d60b4,NIE KNS GRZ
3010,Ibiono Ibom,NGA,Nigeria,AK,WHO,8/8/2015,ff1215d5-749b-4a17-be64-be25310b2a7f,NIE AKS BMT
3009,Ibesikpo Asutan,NGA,Nigeria,AK,WHO,8/8/2015,e6012c29-fefe-41ef-8826-57e6858379f4,NIE AKS NGD
3027,Udung Uko,NGA,Nigeria,AK,WHO,8/8/2015,0e5c2c00-2695-41ac-8274-5e09e12874da,NIE AKS BYF
20013,Shanono,NGA,Nigeria,KN,EHA-SAMUEL,9/15/2015,643a825a-0340-4a08-a55c-2c16fc093327,NIE KNS SNN
31007,Ibadan North East,NGA,Nigeria,OY,WHO,8/8/2015,60dae0a9-7b69-47e9-9024-1e425fb61499,NIE OYS AGG
31022,Ogbomosho South,NGA,Nigeria,OY,WHO,8/8/2015,3dba6ba0-5ffd-4def-a4fd-4d0650d043e0,NIE OYS AME
3003,Eket,NGA,Nigeria,AK,WHO,8/8/2015,366547d0-99d4-4ee9-bf1b-486306dce974,NIE AKS KET
31006,Ibadan North,NGA,Nigeria,OY,EHA_ABRAHAM,1/22/2017,fb782fd3-1a49-4bfa-9a64-c9561cc1c0bc,NIE OYS BDJ
3030,Urue Offong/Oruko,NGA,Nigeria,AK,WHO,8/8/2015,5af7b4a8-596c-4f57-9bc8-5f7f2d0975f0,NIE AKS UFG
19007,Jema'A,NGA,Nigeria,KD,eHA-Tosin,8/8/2015,f1565a21-4f8f-4681-a3cf-25472530528e,NIE KDS KAF
20035,Kura,NGA,Nigeria,KN,EHA-TOSIN,8/8/2015,b4a6699f-2451-4110-821e-a9e44e1b9e24,NIE KNS KUR
19022,Zangon Kataf,NGA,Nigeria,KD,EHA-MICHAEL,3/11/2016,68baef0a-7d65-4454-9864-bc1942bff987,NIE KDS ZKW
31021,Ogbomosho North,NGA,Nigeria,OY,WHO,8/8/2015,1bdc7ea2-b255-4a33-9e2e-382b1a69170b,NIE OYS KNH
415,Ingawa,NGA,Nigeria,KT,EHA-OLUSEYE,12/22/2015,2fc40ae0-ff37-424e-8306-bf6b95751006,NIE KTS NGW
3004,Esit Eket,NGA,Nigeria,AK,WHO,8/8/2015,aa874085-b692-4a44-aa9f-e3674a1d042e,NIE AKS AUQ
20038,Bagwai,NGA,Nigeria,KN,EHA-MICHAEL,1/13/2016,5f0443b5-1a12-4f04-9ae0-cb8a310f5c2e,NIE KNS BGW
19020,Sanga,NGA,Nigeria,KD,EHA-MICHAEL,4/20/2016,6281c7bb-98e5-4154-830a-51ad55bdbe4e,NIE KDS GWT
20026,Kabo,NGA,Nigeria,KN,EHA-SAMUEL,9/30/2015,36551537-45cf-41ee-8f6a-e0e9769cb27d,NIE KNS KBK
31005,Egbeda,NGA,Nigeria,OY,WHO,8/8/2015,93e6472f-a63d-4771-a3b4-631ada3c6a1d,NIE OYS EGB
3005,Essien Udim,NGA,Nigeria,AK,WHO,8/8/2015,73ae1c89-4349-4afb-ab5c-f5812b8a76a7,NIE AKS AFH
20001,Tarauni,NGA,Nigeria,KN,EHA-SAMUEL,8/8/2015,7674a7b6-2666-4106-a1cb-d4eb2ef12e10,NIE KNS TRN
23007,Idah,NGA,Nigeria,KO,WHO,8/8/2015,412a863f-58aa-4f16-bb20-e9655d48f76c,NIE KGS DAH
20031,Bichi,NGA,Nigeria,KN,EHA-OLUSEYE,9/5/2016,282f7515-bc76-41ee-8d24-b41906b935ca,NIE KNS BCH
20003,Garun Malam,NGA,Nigeria,KN,EHA-OLUSEYE,9/5/2016,e83b93f2-4e1e-4fe1-aefb-79406d6771d8,NIE KNS GNM
710,Karasuwa,NGA,Nigeria,YO,EHA-OLUSEYE,9/14/2016,0b601eb5-1978-4d65-912f-a14b8a24a926,NIE YBS KRS
20042,Kunchi,NGA,Nigeria,KN,EHA-OLUSEYE,9/5/2016,c2007271-307b-442d-a49c-0e15a1cdf257,NIE KNS KNC
18014,Miga,NGA,Nigeria,JI,EHA-SAMUEL,2/5/2016,6dd78532-796d-4d30-b733-205944d5311b,NIE JIS MGA
20005,Rimin Gado,NGA,Nigeria,KN,EHA-OLUSEYE,1/25/2016,559fe791-4e94-4c25-872f-f47498c381d5,NIE KNS RMG
23013,Mopa-Muro,NGA,Nigeria,KO,WHO,8/8/2015,a324e40a-4e8c-4f27-8be8-fef95925717a,NIE KGS MPA
20021,Dawakin Tofa,NGA,Nigeria,KN,EHA-SAMUEL,2/6/2016,2095f39b-4ebf-4b0a-a703-7b39f186cc90,NIE KNS DTF
31027,Orelope,NGA,Nigeria,OY,WHO,8/8/2015,c010986f-d216-47af-b252-e262ab116444,NIE OYS GBH
434,Zango,NGA,Nigeria,KT,EHA-TOSIN,8/8/2015,531b1c20-c328-44e7-8f71-1a8e3d882e21,NIE KTS ZNG
20025,Bebeji,NGA,Nigeria,KN,EHA-SAMUEL,9/12/2015,55186d06-fda7-4324-9e1f-7a83dc0a3805,NIE KNS BBJ
20036,Madobi,NGA,Nigeria,KN,EHA-SAMUEL,8/8/2015,43622bbc-3ca2-42d8-a8e4-8af4a3a64a3b,NIE KNS MDB
31028,Ori Ire,NGA,Nigeria,OY,EHA_ABRAHAM,1/22/2017,6e8fe290-f110-42f1-8e46-f056984d51af,NIE OYS KKY
5007,Gamawa,NGA,Nigeria,BA,EHA-OLUSEYE,8/19/2016,4a31e6a8-c40e-4056-8ab7-5985877568b0,NIE BAS GAM
19017,Lere,NGA,Nigeria,KD,EHA-TOSIN,8/8/2015,d6c720e8-4201-43fb-b7c7-e6da6c422fd5,NIE KDS SNK
31030,Oyo West,NGA,Nigeria,OY,EHA-OLUSEYE,5/11/2016,e75004ad-30ab-4fc3-8473-a4ad3f11880a,NIE OYS JND
20039,Makoda,NGA,Nigeria,KN,EHA-OLUSEYE,9/5/2016,cf615a9b-5a38-4e84-8f88-c5abbb0fa8a7,NIE KNS MKK
20023,Dambatta,NGA,Nigeria,KN,EHA-OLUSEYE,9/5/2016,ec14654c-7aef-43aa-b175-ae4ff47085e3,NIE KNS DBT
20040,Minjibir,NGA,Nigeria,KN,EHA-SAMUEL,2/6/2016,5f371cba-44ec-4804-b058-d5871ef4b3bd,NIE KNS MJB
3008,Ibeno,NGA,Nigeria,AK,EHA-SAMUEL,1/7/2016,98e32ce7-ed79-42ac-b892-c5e4707f7062,NIE AKS PNG
9014,Obudu,NGA,Nigeria,CR,GRID,5/16/2018,41a779a3-181a-4e48-a416-13624d51fa1b,NIE CRS UDU
20024,Dala,NGA,Nigeria,KN,EHA-OLUSEYE,1/21/2016,fd91f49c-141d-4f2f-9a2c-3f5afb13fbe2,NIE KNS DAL
18023,Maigatari,NGA,Nigeria,JI,EHA-SAMUEL,11/14/2015,d169ab00-7699-4ede-8f3b-cf468cd481d4,NIE JIS MGR
20014,Rano,NGA,Nigeria,KN,EHA-SAMUEL,9/12/2015,78da99b7-bf1b-4dbf-b694-70ca00365ea9,NIE KNS RAN
20028,Bunkure,NGA,Nigeria,KN,EHA-OLUSEYE,9/5/2016,8a24f8d5-7045-4096-a24d-e10ee1ce8d89,NIE KNS BNK
20012,Gwale,NGA,Nigeria,KN,EHA-OLUSEYE,1/21/2016,7be3de80-8da4-426c-a31e-6461db188022,NIE KNS GWL
17003,Ehime -Mbano,NGA,Nigeria,IM,GRID,5/16/2018,fd6a9529-9a75-4f44-9fa7-628653b70ea1,NIE IMS EHM
20030,Fagge,NGA,Nigeria,KN,EHA-SAMUEL,8/8/2015,693440ea-aed3-49df-b33b-7db55e74ea67,NIE KNS FGE
9005,Bekwarra,NGA,Nigeria,CR,GRID,5/16/2018,65af8244-8e37-4778-bb70-baa7e6171d32,NIE CRS ABE
20020,Doguwa,NGA,Nigeria,KN,EHA-SAMUEL,8/8/2015,c5767a72-f3e4-40c6-96d4-57c5a4dcc589,NIE KNS DGW
2004,Girei,NGA,Nigeria,AD,Abraham.Oluseye,5/18/2017,254979d6-b3de-4bb7-a169-5e1003df2863,NIE ADS GRE
20043,Kano Municipal,NGA,Nigeria,KN,EHA-SAMUEL,8/8/2015,4305d437-84f5-4cc3-8568-4626fcb14884,NIE KNS KMC
25015,Ojo,NGA,Nigeria,LA,EHA-OLUSEYE,8/7/2018,e90565c4-bb10-47a3-a1bb-c33415707fcd,NIE LAS JJJ
19019,Sabon Gari,NGA,Nigeria,KD,EHA-OLUSEYE,12/22/2015,424e5c0b-f7a7-4eda-8c35-3cd111e1cb08,NIE KDS SBG
12004,Esan Central,NGA,Nigeria,ED,EHA-OLUSEYE,5/11/2016,76a44e5b-9910-4e0d-b9a3-2d7c01babc52,NIE EDS RRU
20019,Warawa,NGA,Nigeria,KN,EHA-SAMUEL,8/8/2015,27853954-8c21-4473-95e0-f52f4321fa23,NIE KNS WRA
10015,Oshimili South,NGA,Nigeria,DE,WHO,8/8/2015,08c1989e-7f2d-463f-9a9e-7359e335fd22,NIE DTS ASB
10014,Oshimili North,NGA,Nigeria,DE,WHO,8/8/2015,70ca2703-4a47-4623-ba19-64328b287448,NIE DTS AKU
20022,Dawakin Kudu,NGA,Nigeria,KN,EHA-SAMUEL,8/8/2015,e160b8d3-1042-49d2-9dcd-408036f51f95,NIE KNS DKD
33004,Akuku Toru,NGA,Nigeria,RI,EHA-OLUSEYE,6/13/2016,dfd5e45b-486a-4599-9855-b8e937456e81,NIE RVS ABM
20033,Kibiya,NGA,Nigeria,KN,EHA-OLUSEYE,9/5/2016,2c51bc18-4d7e-472d-8026-35e42f621557,NIE KNS KBY
6003,Kolokuma/Opokuma,NGA,Nigeria,BY,EHA-OLUSEYE,6/13/2016,467add4f-024a-4f34-86d8-2a1b2337ebe0,NIE BYS KMK
31032,Saki West,NGA,Nigeria,OY,WHO,8/8/2015,d4ea9d74-f7cb-4c14-81ec-ab47830d7b22,NIE OYS SHK
20037,Nassarawa,NGA,Nigeria,KN,EHA-SAMUEL,10/27/2015,9d51bc95-017a-4276-91f0-a34adc237f64,NIE KNS NSR
31031,Saki East,NGA,Nigeria,OY,WHO,8/8/2015,4d4c87db-0114-4a00-8631-677710c4fb44,NIE OYS GMD
20010,Gezawa,NGA,Nigeria,KN,EHA-SAMUEL,10/27/2015,41a36190-f135-450c-9214-b5fd0956b2eb,NIE KNS GZW
14017,Uzo-Uwani,NGA,Nigeria,EN,WHO,8/8/2015,381ce20a-4f58-4114-81f3-a2cebb4cf3d9,NIE ENS UMU
20006,Garko,NGA,Nigeria,KN,EHA-OLUSEYE,9/5/2016,a6673bbc-bca6-4487-bd0b-6bea278ea2b6,NIE KNS GAK
7022,Ushongo,NGA,Nigeria,BE,GRID,5/16/2018,2051b358-9626-4ef2-95ac-52861256df02,NIE BNS SEL
20027,Wudil,NGA,Nigeria,KN,EHA-OLUSEYE,9/5/2016,b37749b0-fc52-4ab9-ba88-1c8deb2dd6b3,NIE KNS WDL
20007,Gaya,NGA,Nigeria,KN,EHA-OLUSEYE,9/5/2016,6d2bc6b8-7006-4098-8f68-6bd2315e4d35,NIE KNS GYA
33002,Ahoada East,NGA,Nigeria,RI,WHO,8/8/2015,ee00961b-a996-4e9b-a536-dcd96b8022a0,NIE RVS AHD
20009,Albasu,NGA,Nigeria,KN,EHA-SAMUEL,10/21/2015,e5e1b965-71ae-46e5-83c1-fcf984c7deb4,NIE KNS ABS
18006,Gumel,NGA,Nigeria,JI,EHA-TOSIN,8/8/2015,fc762405-9e54-4039-a4dd-642d3bc2def8,NIE JIS GML
15002,Bwari,NGA,Nigeria,FC,EHA-ABRAHAM,11/1/2016,abc64a65-483b-48cb-96d9-f84a956600ed,NIE FCT BWR
18012,Dutse,NGA,Nigeria,JI,EHA-MICHAEL,2/8/2016,778eb69f-1a27-4c50-8b52-991153e74fa4,NIE JIS DUT
30006,Boripe,NGA,Nigeria,OS,GRID,5/16/2018,b3480acd-6427-4450-b0bf-29135d388135,NIE OSS RGB
31026,Ona ara,NGA,Nigeria,OY,NGA_TEAMGIS,8/8/2015,0560bb50-0c6c-4b96-851a-969643696f8b,NIE OYS AKN
18026,Jahun,NGA,Nigeria,JI,EHA-OLUSEYE,1/26/2016,fced3865-adc3-4605-91f3-290054e1cd10,NIE JIS JHN
17024,Owerri Municipal,NGA,Nigeria,IM,GRID,5/16/2018,978148cf-e307-4075-95e8-561cd6cbecb4,NIE IMS WER
35006,Ibi,NGA,Nigeria,TA,EHA-OLUSEYE,6/7/2016,80a0986c-52ea-4cca-98a8-14e9614ee89a,NIE TRS BBB
29005,Akure North,NGA,Nigeria,ON,EHA-OLUSEYE,5/10/2016,6d2e0b90-2a22-4cd8-815c-856afaa78f5c,NIE ODS JTA
5006,Dass,NGA,Nigeria,BA,EHA-MICHAEL,3/11/2016,a39fa2f7-0835-4932-b7fe-a07537f63d39,NIE BAS DAS
5008,Ganjuwa,NGA,Nigeria,BA,Abraham.Oluseye,9/20/2017,c6a7d121-6010-4353-ba22-b2933db1dbc8,NIE BAS GJW
12002,Egor,NGA,Nigeria,ED,WHO,8/8/2015,fe929cea-c0c4-48bc-81fb-6b8e5bd051a0,NIE EDS USL
35013,Ussa,NGA,Nigeria,TA,EHA_ABRAHAM,2/3/2017,4fda1105-b4fd-4c33-af7d-8ea6ab4ebb17,NIE TRS USS
18001,Kaugama,NGA,Nigeria,JI,EHA-OLUSEYE,9/5/2016,43bdca4c-c170-45ae-bf90-deb2816bbbd3,NIE JIS KGM
5016,Shira,NGA,Nigeria,BA,EHA-MICHAEL,3/11/2016,3f0a8add-c6e5-402a-bac0-e0e92d303007,NIE BAS SHR
24004,Ekiti,NGA,Nigeria,KW,WHO,8/8/2015,2651891e-a254-4550-8155-e225903b4ba1,NIE KWS ARP
35005,Gassol,NGA,Nigeria,TA,EHA-OLUSEYE,8/19/2016,e60a5381-6fa3-47bd-9fe5-962f754b7a80,NIE TRS GAS
12007,Etsako Central,NGA,Nigeria,ED,EHA-OLUSEYE,4/15/2016,f87d3b49-a2f0-4e6a-abde-15904a96ac65,NIE EDS FUG
18007,Kiri Kasama,NGA,Nigeria,JI,EHA-OLUSEYE,9/5/2016,8fb1899d-6ea4-494c-9856-14f7e3e49546,NIE JIS KKM
9016,Ogoja,NGA,Nigeria,CR,GRID,5/16/2018,dc1dfc39-9879-448c-af2a-9c5feffdbc96,NIE CRS GGJ
5009,Giade,NGA,Nigeria,BA,EHA-OLUSEYE,9/5/2016,40a4eeae-78b8-4482-8a4b-a77aec7264ec,NIE BAS GYD
31029,Oyo East,NGA,Nigeria,OY,WHO,8/8/2015,5b9a2625-3165-4260-810b-7b927b711791,NIE OYS YYY
9010,Etung,NGA,Nigeria,CR,GRID,5/16/2018,581e72db-5759-487e-a695-b0925c3910d2,NIE CRS EFE
717,Yusufari,NGA,Nigeria,YO,EHA-OLUSEYE,9/14/2016,1c9a6bcb-7339-4691-b9d2-6c52f91f6a24,NIE YBS YSF
9002,Akamkpa,NGA,Nigeria,CR,GRID,5/16/2018,b494816d-3c1c-4f46-b042-9c0da2b35196,NIE CRS KAM
27006,Chanchaga,NGA,Nigeria,NI,EHA_ABRAHAM,1/25/2017,9b8d8fab-1291-44fb-aaf6-747c53f62829,NIE NIS MNA
802,Bakura,NGA,Nigeria,ZA,EHA_ABRAHAM,1/20/2017,000fac93-f92b-4f2b-a003-03318fe407c1,NIE ZAS BKA
30007,Ede North,NGA,Nigeria,OS,GRID,5/16/2018,272d8bd7-31b5-4ccd-96eb-77ac30f3fadc,NIE OSS EDT
27013,Lavun,NGA,Nigeria,NI,EHA_ABRAHAM,1/25/2017,2355560c-375e-438f-a5ae-b88291339d2e,NIE NIS KUG
615,Silame,NGA,Nigeria,SO,EHA_ABRAHAM,1/20/2017,e9eaff2d-af81-40b4-86df-ba590d37d992,NIE SOS SLM
23006,Ibaji,NGA,Nigeria,KO,EHA_ABRAHAM,1/22/2017,2f22a992-c134-41c9-8f46-0a17ac551384,NIE KGS NDG
27008,Gbako,NGA,Nigeria,NI,EHA_ABRAHAM,1/25/2017,518a974c-719d-45c0-9a9c-61e633f4241c,NIE NIS LMU
24014,Oke Ero,NGA,Nigeria,KW,WHO,8/8/2015,c4f45173-9cd6-4ddf-b888-3100b98e1508,NIE KWS LFF
30005,Boluwaduro,NGA,Nigeria,OS,GRID,5/16/2018,be1c314f-f9b4-4601-a144-0de631c34690,NIE OSS TAN
3017,Mbo,NGA,Nigeria,AK,WHO,8/8/2015,8bf55e6c-be71-4406-8083-be4de1dee4d9,NIE AKS ENW
24006,Ilorin East,NGA,Nigeria,KW,EHA_ABRAHAM,1/22/2017,49f75f81-e677-498f-b0e7-2eeb7fa37356,NIE KWS KEY
24015,Oyun,NGA,Nigeria,KW,EHA_ABRAHAM,1/22/2017,1e9e7140-356a-4732-805c-b5d0b25da7ca,NIE KWS LEM
30024,Obokun,NGA,Nigeria,OS,GRID,5/16/2018,53d40f82-64f9-4dd2-917e-c1bd8af18b30,NIE OSS BKN
27017,Mokwa,NGA,Nigeria,NI,EHA_ABRAHAM,1/25/2017,3b9ab859-c14b-4a3a-9928-1173a95ff3dc,NIE NIS MKW
12005,Esan South-East,NGA,Nigeria,ED,EHA_ABRAHAM,1/22/2017,0422ce13-5ff9-40e4-b8d1-948b81d4e5b7,NIE EDS UBJ
24001,Asa,NGA,Nigeria,KW,EHA_ABRAHAM,1/22/2017,038f8fc9-a54e-4b8b-8394-6bbaaa84c9f9,NIE KWS AFN
30009,Egbedore,NGA,Nigeria,OS,GRID,5/16/2018,feceb5dd-9816-4712-a2e2-bc1f7e4dcd96,NIE OSS AAW
35011,Sardauna,NGA,Nigeria,TA,EHA_ABRAHAM,1/20/2017,da1a0a2c-ef01-4ff9-b045-3bc6ce359f16,NIE TRS SDA
2009,Lamurde,NGA,Nigeria,AD,Oluseye.Abraham,3/28/2017,02e4ce74-15df-4991-84a1-df3f9b5b170f,NIE ADS LMR
17025,Owerri North,NGA,Nigeria,IM,GRID,5/16/2018,6ba7ba14-0063-4bd2-bd30-ca411bfc9872,NIE IMS RRT
15006,Municipal Area Council,NGA,Nigeria,FC,EHA_ABRAHAM,1/22/2017,c9a7a8d8-0c8f-4e87-a73e-c5f2bad86a32,NIE FCT ABC
613,Sabon Birni,NGA,Nigeria,SO,EHA-TOSIN,8/8/2015,b4d16914-fbb5-4a19-8205-17779c7559f7,NIE SOS SBN
24012,Moro,NGA,Nigeria,KW,EHA_ABRAHAM,1/22/2017,94ed46ef-05c8-4ecd-9f58-994a81d2172a,NIE KWS BDU
24005,Ifelodun,NGA,Nigeria,KW,EHA_ABRAHAM,1/22/2017,61c5d315-0e74-4afc-92d1-7b3ba2a681d9,NIE KWS SHA
35012,Takum,NGA,Nigeria,TA,EHA_ABRAHAM,2/3/2017,6c177c35-0ade-46b5-b127-1b004d9b2ab9,NIE TRS TTM
610,Kebbe,NGA,Nigeria,SO,EHA_ABRAHAM,1/20/2017,2ac580dd-9b96-47ea-8c57-25963aefddbb,NIE SOS KBE
7013,Makurdi,NGA,Nigeria,BE,GRID,5/16/2018,c3eafa85-c0ce-4eea-a665-152f2729d327,NIE BNS MKD
504,Augie,NGA,Nigeria,KB,EHA_ABRAHAM,1/20/2017,093be845-11d4-4ca4-802a-b4ce3a15cf53,NIE KBS AUG
20004,Ajingi,NGA,Nigeria,KN,EHA_ABRAHAM,1/22/2017,87937d19-ee07-4734-aa29-7fede169dbd3,NIE KNS AJG
33015,Obio/Akpor,NGA,Nigeria,RI,WHO,8/8/2015,f0a80d7e-bfd4-4d00-88be-1c610111da41,NIE RVS RUM
9009,Calabar South,NGA,Nigeria,CR,GRID,5/16/2018,226fb167-2a46-4c2a-9f61-a9a160936730,NIE CRS ANA
2020,Yola North,NGA,Nigeria,AD,Oluseye.Abraham,3/28/2017,1bbbb73c-a556-4af3-8f5d-f55641cf22b4,NIE ADS YLA
702,Bursari,NGA,Nigeria,YO,EHA-SAMUEL,2/6/2016,c189c172-c430-4d83-be69-8b837c5d126d,NIE YBS DPH
806,Gummi,NGA,Nigeria,ZA,EHA_ABRAHAM,1/20/2017,50251159-13ef-43f7-8b6f-4da7e8206e77,NIE ZAS GMM
7009,Katsina-Ala,NGA,Nigeria,BE,GRID,5/16/2018,7ce9323f-9136-4314-8197-32efdb87e27e,NIE BNS KAL
809,Maradun,NGA,Nigeria,ZA,EHA_ABRAHAM,1/20/2017,ae1da562-fd3b-4300-a4b2-b24fe62cfe4f,NIE ZAS MRD
9017,Yakurr,NGA,Nigeria,CR,GRID,5/16/2018,4981fb21-1b1c-4fe0-a438-346dcd5668a2,NIE CRS GEP
35003,Donga,NGA,Nigeria,TA,EHA_ABRAHAM,1/20/2017,d857cda6-d2eb-4f9c-bd4b-18bd0fe4d250,NIE TRS DGA
17023,Oru West,NGA,Nigeria,IM,GRID,5/16/2018,0a3825a2-e9c7-4fa7-8688-cfcd9eb43922,NIE IMS NGB
7002,Agatu,NGA,Nigeria,BE,GRID,5/16/2018,7473ecf2-7b8f-4fa2-90d2-c034f7ca6b30,NIE BNS GTU
18021,Biriniwa,NGA,Nigeria,JI,EHA_ABRAHAM,1/22/2017,721cb748-a86d-4865-b186-9d23eff3f08c,NIE JIS BNW
18020,Ringim,NGA,Nigeria,JI,EHA_ABRAHAM,1/22/2017,1d147a46-9b7b-4bab-afb1-da5b76fc6e73,NIE JIS RNG
804,Bukkuyum,NGA,Nigeria,ZA,Oluseye.Abraham,3/20/2017,b847d5c7-1b78-41e9-bca7-48b196f7976c,NIE ZAS BKM
35004,Gashaka,NGA,Nigeria,TA,Oluseye.Abraham,3/30/2017,a76783ab-6dbe-4804-b658-143667698c82,NIE TRS GKA
605,Goronyo,NGA,Nigeria,SO,EHA-OLUSEYE,12/23/2015,bec2606e-160e-4a87-b663-c9da5735cd89,NIE SOS GRY
5013,Kirfi,NGA,Nigeria,BA,EHA-MICHAEL,4/20/2016,bc79a987-c4e5-43fb-ad48-5a5432688270,NIE BAS KRF
5003,Bogoro,NGA,Nigeria,BA,EHA-MICHAEL,3/11/2016,7bf1d2c8-0a3d-4ab2-a27a-766984d80763,NIE BAS BGR
9007,Boki,NGA,Nigeria,CR,GRID,5/16/2018,9d4114c8-44c1-40fa-a3c4-45f87b63ddbc,NIE CRS BJE
622,Wurno,NGA,Nigeria,SO,EHA-TOSIN,8/8/2015,6f188378-6e11-4538-89a5-b14221ce91dd,NIE SOS WRN
31011,Ibarapa Central,NGA,Nigeria,OY,WHO,8/8/2015,da3fc54c-7ad3-48d2-b24c-1817249f98dd,NIE OYS GBR
15001,Abaji,NGA,Nigeria,FC,EHA-OLUSEYE,9/5/2016,fb9b24a4-9d68-4e4b-88f2-18d9d6fcc66a,NIE FCT ABJ
5019,Warji,NGA,Nigeria,BA,EHA-MICHAEL,3/11/2016,fabf19ef-536e-492a-945c-4989510366f4,NIE BAS WRJ
606,Gudu,NGA,Nigeria,SO,EHA-TOSIN,8/8/2015,8e24f8b7-e7c2-41eb-b554-a6e36dd5e98d,NIE SOS BLE
612,Rabah,NGA,Nigeria,SO,NGA_TEAMGIS,8/8/2015,88f85c80-bfe5-4278-aede-7a5d8c8c05dd,NIE SOS RBA
714,Potiskum,NGA,Nigeria,YO,Oluseye.Abraham,3/31/2017,2a2d66bd-e0d7-4b7d-8f04-1fae334f6170,NIE YBS PKM
3025,Oron,NGA,Nigeria,AK,WHO,8/8/2015,762a5b22-ef00-4afa-a09f-55085465bb03,NIE AKS RNN
705,Fune,NGA,Nigeria,YO,Abraham.Oluseye,8/13/2017,fee8bdb0-0b3c-4db2-809b-a6b02ce49925,NIE YBS FUN
17017,Oguta,NGA,Nigeria,IM,GRID,5/16/2018,65b66684-f518-4fc8-9992-c129a710a614,NIE IMS GUA
9011,Ikom,NGA,Nigeria,CR,GRID,5/16/2018,26a7c192-77ef-410f-b01d-7b4db8b4c237,NIE CRS KMM
2008,Jada,NGA,Nigeria,AD,Oluseye.Abraham,3/31/2017,8380d85c-df2c-4f3e-9ba9-6f2d632db07e,NIE ADS JAD
3029,Uruan,NGA,Nigeria,AK,WHO,8/8/2015,7d6b039e-2a03-49e4-906f-654bd75d9145,NIE AKS DUU
3023,Okobo,NGA,Nigeria,AK,WHO,8/8/2015,dd635f40-4800-4bde-88ee-1025181c198c,NIE AKS KPD
35010,Lau,NGA,Nigeria,TA,Oluseye.Abraham,3/28/2017,f1e7d3aa-701b-40ad-869b-fe182d7f1cae,NIE TRS LAU
30008,Ede South,NGA,Nigeria,OS,GRID,5/16/2018,7d640b96-e288-4951-8dfc-1184cca46121,NIE OSS EDE
35015,Yorro,NGA,Nigeria,TA,Oluseye.Abraham,3/28/2017,3bde5b13-3166-481f-ab7a-a57c009d2e9c,NIE TRS YRR
17011,Mbatoli,NGA,Nigeria,IM,GRID,5/16/2018,938c25e2-40ae-4caa-a736-ac414cf21878,NIE IMS NWA
30004,Atakunmosa West,NGA,Nigeria,OS,GRID,5/16/2018,a3b49db7-2f24-4f30-a51d-74aad66d9537,NIE OSS SSU
7018,Okpokwu,NGA,Nigeria,BE,GRID,5/16/2018,f6bf76d8-9b21-4102-a4cd-133231b57874,NIE BNS PKG
35008,Karim Lamido,NGA,Nigeria,TA,Oluseye.Abraham,3/28/2017,725fe970-11d8-4577-83a5-84f95b08977e,NIE TRS KLD
30028,Oriade,NGA,Nigeria,OS,GRID,5/16/2018,52a86c8f-dbf8-4bfb-9df7-0c072ded576b,NIE OSS JJS
2003,Ganye,NGA,Nigeria,AD,Oluseye.Abraham,3/31/2017,4f5b3617-f488-4f11-ae3b-1bb60e8ee840,NIE ADS GAN
2005,Gombi,NGA,Nigeria,AD,Oluseye.Abraham,3/30/2017,69dd029f-4ca7-4997-a419-682ef0ed6513,NIE ADS GMB
35002,Bali,NGA,Nigeria,TA,Oluseye.Abraham,3/30/2017,0a878c4c-fa1f-4480-896a-d65cd4dd5079,NIE TRS BAL
2019,Toungo,NGA,Nigeria,AD,Oluseye.Abraham,3/31/2017,bbb187ff-80db-4573-a828-c217a5fab014,NIE ADS TNG
30015,Ifedayo,NGA,Nigeria,OS,GRID,5/16/2018,1a68cafd-9250-4644-bf17-49be0b546645,NIE OSS FDY
712,Nangere,NGA,Nigeria,YO,Oluseye.Abraham,3/31/2017,1d6ca6ab-6982-46d9-b0c9-a94be635eab0,NIE YBS NNR
2013,Michika,NGA,Nigeria,AD,Oluseye.Abraham,3/16/2017,fda36075-5aeb-488e-9297-78ea507015e7,NIE ADS MCH
7005,Gboko,NGA,Nigeria,BE,GRID,5/16/2018,0bca0947-c66e-4a05-bed2-76eb5fa5386f,NIE BNS GBK
12018,Uhunmwonde,NGA,Nigeria,ED,EHA-OLUSEYE,9/5/2016,322ad44a-d62a-45ef-b738-d6f010515516,NIE EDS EHR
28010,Ijebu North East,NGA,Nigeria,OG,GRID,0,88742b60-00ed-414b-8c52-6d08c9723865,NIE OGS SRA
2002,Fufore,NGA,Nigeria,AD,Abraham.Oluseye,5/18/2017,e9570836-e049-4694-8c15-35284178f89f,NIE ADS FUR
17026,Owerri West,NGA,Nigeria,IM,GRID,5/16/2018,08313f76-b308-42a8-a6a2-c1f447863112,NIE IMS UMG
27009,Gurara,NGA,Nigeria,NI,EHA_ABRAHAM,1/26/2017,cdee6f2a-d24a-425c-9295-11fa5c8933ee,NIE NIS GWU
601,Binji,NGA,Nigeria,SO,EHA-TOSIN,8/8/2015,66329dad-4a29-4be5-b57f-2466876c3b7a,NIE SOS BNJ
19011,Kagarko,NGA,Nigeria,KD,EHA-OLUSEYE,4/12/2016,99467e1f-6307-4c27-b024-5026fbeee3c6,NIE KDS KGK
12014,Ovia North-East,NGA,Nigeria,ED,WHO,8/8/2015,69a84d2e-11ed-4f71-8e28-52aaf92d88c3,NIE EDS AKA
19015,Kubau,NGA,Nigeria,KD,EHA-OLUSEYE,9/14/2016,edf7b0b1-49d4-43b5-b0dc-31a249b3fdaf,NIE KDS ANC
17004,Ezinihitte,NGA,Nigeria,IM,GRID,5/16/2018,07afdaad-eb4a-4ab6-b216-0380ac7d3c17,NIE IMS ETU
711,Machina,NGA,Nigeria,YO,EHA_ABRAHAM,1/22/2017,98c5bf32-f18e-4692-b946-1fb1b0502ce1,NIE YBS MCN
17001,Aboh-Mbaise,NGA,Nigeria,IM,GRID,5/16/2018,bb8d779e-fee6-4192-8435-c83e43660953,NIE IMS ABB
5014,Misau,NGA,Nigeria,BA,EHA-OLUSEYE,9/5/2016,05f194ae-adc1-478e-84d5-525d0c3cc38f,NIE BAS MSA
30022,Isokan,NGA,Nigeria,OS,GRID,5/16/2018,ba9ce4cf-c6bc-4cce-aee5-e2726c172b6a,NIE OSS APM
18018,Buji,NGA,Nigeria,JI,EHA-MICHAEL,2/9/2016,4949995d-3808-482d-a630-943340a2a611,NIE JIS BUJ
13004,Ekiti South-West,NGA,Nigeria,EK,GRID,3/11/2016,fedb630b-eb17-412a-909e-2e62d31e598e,NIE EKS LAW
11004,Ebonyi,NGA,Nigeria,EB,WHO,8/8/2015,b9f8da1f-68a9-479e-be77-a771b71c02ff,NIE EBS UGB
5012,Katagum,NGA,Nigeria,BA,EHA-MICHAEL,3/11/2016,237f6342-3254-4430-8059-8d525a4609bb,NIE BAS KTG
17013,Njaba,NGA,Nigeria,IM,GRID,5/16/2018,2aac3e0a-961b-4360-9a1b-a85fa9f1d737,NIE IMS NSA
19003,Giwa,NGA,Nigeria,KD,EHA-OLUSEYE,9/5/2016,0cb7bc8e-c19e-4663-8d1b-6daf1296b3e5,NIE KDS GKW
31016,Iseyin,NGA,Nigeria,OY,EHA-OLUSEYE,5/11/2016,f43a0c34-c425-4ff5-9439-9470cc783a2d,NIE OYS SEY
19023,Zaria,NGA,Nigeria,KD,EHA-TOSIN,8/8/2015,7147fb6e-4d18-4b5f-a26d-967080841aa5,NIE KDS ZAR
501,Aleiro,NGA,Nigeria,KB,EHA-SAMUEL,2/6/2016,1dbbb7cb-4179-471c-b759-2e00e336069e,NIE KBS ALR
621,Wamakko,NGA,Nigeria,SO,EHA-OLUSEYE,12/14/2015,66590d03-4413-420e-a8ce-873afa9ae0b6,NIE SOS WMK
620,Tureta,NGA,Nigeria,SO,Oluseye.Abraham,3/20/2017,d67adefb-7264-4739-abe9-f20662dc84ff,NIE SOS TRT
7014,Obi,NGA,Nigeria,BE,GRID,5/16/2018,5873ea8d-a979-4dab-8c0e-217a862e5de1,NIE BNS BRT
604,Gada,NGA,Nigeria,SO,EHA-SAMUEL,2/4/2016,0526d83d-eb2b-407f-97ae-b921a2dc423a,NIE SOS GAD
27001,Agaie,NGA,Nigeria,NI,EHA_ABRAHAM,1/26/2017,2581afcc-905a-46a6-b40f-fe03b56d8bdb,NIE NIS AGA
27014,Magama,NGA,Nigeria,NI,EHA_ABRAHAM,1/22/2017,bf4c6b31-881c-44f5-a22f-98df6dd91b8c,NIE NIS NAS
11012,Ohaukwu,NGA,Nigeria,EB,WHO,8/8/2015,66b15c4e-ebac-4fa8-ae4a-f14833cd112b,NIE EBS HKW
30030,Osogbo,NGA,Nigeria,OS,GRID,5/16/2018,976cd5d9-7b27-48a0-9d39-dfd5057d0437,NIE OSS SGB
19008,Kachia,NGA,Nigeria,KD,eHA-Tosin,8/8/2015,04aa19ce-3126-4286-930a-21212810c5ad,NIE KDS KCH
31025,Oluyole,NGA,Nigeria,OY,WHO,8/8/2015,6e7effab-c145-43a3-b381-e6c59608ea83,NIE OYS YRE
27016,Mashegu,NGA,Nigeria,NI,EHA_ABRAHAM,1/25/2017,cca4d1e0-3bfa-4ed5-88fe-d9be820ab8e2,NIE NIS MSG
11007,Ikwo,NGA,Nigeria,EB,WHO,8/8/2015,8e200242-6355-411b-bd84-5b5fa5115999,NIE EBS CHR
27005,Bosso,NGA,Nigeria,NI,EHA_ABRAHAM,1/25/2017,3bb73ea7-35a1-4048-a3a7-371cda97cb47,NIE NIS MAK
103,Bama,NGA,Nigeria,BR,EHA-SAMUEL,8/8/2015,592c49fc-b1cb-48ee-9c57-6f616784395a,NIE BOS BAM
27019,Paikoro,NGA,Nigeria,NI,EHA-OLUSEYE,9/5/2016,aeb1157e-7cb5-4308-819b-a0ddc4c4f6eb,NIE NIS PAK
17010,Isu,NGA,Nigeria,IM,GRID,5/16/2018,c6c1a52f-6934-4640-a28d-6c938c322e40,NIE IMS UMD
516,Sakaba,NGA,Nigeria,KB,EHA-TOSIN,8/8/2015,1e4c817b-492f-4186-aef1-73fa4b4a5887,NIE KBS DRD
31013,Ibarapa North,NGA,Nigeria,OY,EHA-OLUSEYE,5/10/2016,5a43ca2e-3c6f-40a4-82ed-fbdbbe788849,NIE OYS AYT
521,Zuru,NGA,Nigeria,KB,EHA-OLUSEYE,9/5/2016,283497db-6a9b-4354-a0d2-de7377a6cd95,NIE KBS ZUR
31024,Olorunsogo,NGA,Nigeria,OY,EHA-OLUSEYE,4/12/2016,2e95a8d9-45ff-4bb7-9913-3351457344a6,NIE OYS GBY
27021,Rijau,NGA,Nigeria,NI,EHA_ABRAHAM,1/25/2017,e402339e-84c1-4e58-b38f-47cddf2a3729,NIE NIS RJA
7007,Gwer East,NGA,Nigeria,BE,GRID,5/16/2018,8be73853-7036-43d5-9a63-b5de19fa5e62,NIE BNS ALD
124,Maiduguri,NGA,Nigeria,BR,Oluseye.Abraham,3/31/2017,bf4dba48-322d-4a22-9f0f-c077664e9a20,NIE BOS MAG
30011,Ife Central,NGA,Nigeria,OS,GRID,5/16/2018,3eafa0dc-bb3e-46fa-a52e-1965b8744915,NIE OSS FFE
31003,Atiba,NGA,Nigeria,OY,WHO,8/8/2015,bf03b4d6-8ec7-466a-b3ad-9bac2eeaac95,NIE OYS FMT
31018,Iwajowa,NGA,Nigeria,OY,WHO,3/27/2017,6726edc5-d0d7-4ca4-a535-985700ebd92d,NIE OYS WEL
2006,Guyuk,NGA,Nigeria,AD,Oluseye.Abraham,3/29/2017,296a987d-b436-49f8-96ca-bd51644ca364,NIE ADS GUY
13014,Ise/Orun,NGA,Nigeria,EK,GRID,5/5/2016,b47cacc6-aa82-4ecc-b93c-d93465dcc1e5,NIE EKS SSE
127,Shani,NGA,Nigeria,BR,Oluseye.Abraham,3/31/2017,3f7b260a-4869-4521-b532-ae96db6a682a,NIE BOS SHN
31004,Atisbo,NGA,Nigeria,OY,WHO,8/8/2015,26592131-dde1-4f9b-a0fa-6f1c7f463b8f,NIE OYS TDE
118,Kwaya Kusar,NGA,Nigeria,BR,EHA-SAMUEL,8/8/2015,c7b5e96d-7e6d-4134-af7c-ee7fb75ab420,NIE BOS KWY
31017,Itesiwaju,NGA,Nigeria,OY,EHA-OLUSEYE,5/10/2016,da32bf54-7cf2-4397-8919-e038b95f7e63,NIE OYS TUT
2017,Shelleng,NGA,Nigeria,AD,Oluseye.Abraham,3/31/2017,54caa62f-796a-46f8-88f7-8de29bdd6f99,NIE ADS SHG
2015,Mubi South,NGA,Nigeria,AD,Oluseye.Abraham,3/29/2017,5d92d4fb-d14a-4b16-943d-0e55f9119d40,NIE ADS GYL
26009,Nasarawa,NGA,Nigeria,NA,GRID,0,8ff38a09-c542-443c-abac-c72f431a4c2e,NIE NAS NSW
2001,Demsa,NGA,Nigeria,AD,abraham.oluseye,5/16/2017,d29674c2-d322-40d2-954b-2b179be6a0c6,NIE ADS DSA
25013,Kosofe,NGA,Nigeria,LA,NGA_TEAMGIS,8/7/2018,8ab9d66a-8dc2-406a-b76e-92f9ee7848e9,NIE LAS KSF
2011,Maiha,NGA,Nigeria,AD,Oluseye.Abraham,3/29/2017,f47f2b3d-f363-4aa2-87fe-02b1f5a15fb2,NIE ADS MAH
2014,Mubi North,NGA,Nigeria,AD,Oluseye.Abraham,3/30/2017,367c62ef-49fd-4e29-9e16-3a0b3db5cab0,NIE ADS MUB
2018,Song,NGA,Nigeria,AD,Oluseye.Abraham,3/31/2017,46f2e1aa-033d-444b-83ab-d7e8c735a868,NIE ADS SNG
2012,Mayo-Belwa,NGA,Nigeria,AD,Oluseye.Abraham,3/31/2017,03d2ee05-16a8-4ee5-ac95-9f227a70d3e1,NIE ADS MWA
2016,Numan,NGA,Nigeria,AD,Oluseye.Abraham,3/28/2017,46d3f47c-450e-4a57-a5ee-c1c16be21993,NIE ADS NUM
2007,Hong,NGA,Nigeria,AD,Oluseye.Abraham,3/29/2017,0fd87517-e2b2-47c5-abab-41461d5fdd30,NIE ADS HNG
7003,Apa,NGA,Nigeria,BE,GRID,5/16/2018,53952bb3-7985-4cb1-96b3-1b0d343bea33,NIE BNS GKP
2021,Yola South,NGA,Nigeria,AD,abraham.oluseye,5/16/2017,99b5dc2c-1a0d-428f-9076-2e160cb76424,NIE ADS YLN
7012,Logo,NGA,Nigeria,BE,GRID,5/16/2018,5fc7f9ff-0f54-450d-b064-9987bb8b6089,NIE BNS GBG
30025,Odo Otin,NGA,Nigeria,OS,GRID,5/16/2018,f8156c19-bb56-4ed8-8a78-258b89bbd16d,NIE OSS DTN
5005,Darazo,NGA,Nigeria,BA,EHA-OLUSEYE,9/14/2016,b97d0619-1f42-41c8-8478-66f44904a4aa,NIE BAS DRZ
1001,Aba North,NGA,Nigeria,AB,GRID,0,d430164f-7e8c-4f95-b96c-db6bdd5ed889,NIE ABS EZA
30001,Ayedade,NGA,Nigeria,OS,GRID,5/16/2018,2cbf968a-276a-43e5-a6d1-779ef54b8a9a,NIE OSS GBN
7019,Oturkpo,NGA,Nigeria,BE,GRID,5/16/2018,9326d408-f441-4ef8-a9fc-c040d591573f,NIE BNS TKP
17022,Oru East,NGA,Nigeria,IM,GRID,5/16/2018,a84d6570-11a9-44d6-93ab-c783d73d68d0,NIE IMS MGD
25010,Ifako/Ijaye,NGA,Nigeria,LA,EHA-OLUSEYE,8/7/2018,5af368e3-65e5-4f4b-a399-53d8d34b5a7b,NIE LAS FKJ
17012,Ngor-Okpala,NGA,Nigeria,IM,GRID,5/16/2018,14c4cd0c-eeca-4a17-bcfc-f44313bae224,NIE IMS NGN
9013,Obubra,NGA,Nigeria,CR,GRID,5/16/2018,37afdf67-e824-4407-9f32-cba48cd4f747,NIE CRS BRA
17020,Orlu,NGA,Nigeria,IM,GRID,5/16/2018,1276ff4f-4fcd-4041-907b-5aa4ac303031,NIE IMS RLU
30003,Atakunmosa East,NGA,Nigeria,OS,GRID,5/16/2018,aa076f97-71b1-4cc8-971b-1d2de4be5395,NIE OSS PRN
30014,Ife South,NGA,Nigeria,OS,GRID,5/16/2018,75392670-cba0-4e5d-9fd2-36c20134e75a,NIE OSS FTD
7020,Tarka,NGA,Nigeria,BE,GRID,5/16/2018,f55568fc-f11c-4f01-bb69-0b09ce251274,NIE BNS WNN
17006,Ideato South,NGA,Nigeria,IM,GRID,5/16/2018,48a66450-5ebd-4fd4-8873-69dd2abb405d,NIE IMS DFB
9003,Akpabuyo,NGA,Nigeria,CR,GRID,5/16/2018,8cdb745d-8605-44cd-b28f-43318af764c7,NIE CRS KTA
7004,Buruku,NGA,Nigeria,BE,GRID,5/16/2018,6f4cd013-20b0-4080-8c32-be7d08e33ec5,NIE BNS BKB
30023,Iwo,NGA,Nigeria,OS,GRID,5/16/2018,84552f89-e24e-40a7-b951-44e3027bdf4e,NIE OSS WWD
30017,Ila,NGA,Nigeria,OS,GRID,5/16/2018,c660db7d-552c-4b05-9002-aa0b8d0a4f93,NIE OSS LRG
17018,Ohaji/Egbema,NGA,Nigeria,IM,GRID,5/16/2018,7bbb786a-119d-4703-abef-22f9697d19ca,NIE IMS EBM
30027,Olorunda,NGA,Nigeria,OS,GRID,5/16/2018,f08da0c1-6bce-4419-b4ba-e34668168aab,NIE OSS GNN
9012,Obanliku,NGA,Nigeria,CR,GRID,5/16/2018,506dc5db-b101-444b-baad-a724aa132a9c,NIE CRS BNS
7011,Kwande,NGA,Nigeria,BE,GRID,5/16/2018,32bab013-5dd4-4d85-8b04-4d371a7dec87,NIE BNS WDP
7010,Konshisha,NGA,Nigeria,BE,GRID,5/16/2018,842b7211-f3a0-4750-900d-fb3331dcf60c,NIE BNS TSE
30029,Orolu,NGA,Nigeria,OS,GRID,5/16/2018,8adb468e-6182-4f5a-a0a7-5c8b40b5fde0,NIE OSS FNN
7016,Ohimini,NGA,Nigeria,BE,GRID,5/16/2018,df72fdd0-c29a-465b-babb-fdb0e43c6b26,NIE BNS DKP
9018,Yala,NGA,Nigeria,CR,GRID,5/16/2018,02e0270c-95dc-4f5e-a011-f19eddb57f00,NIE CRS CKK
30020,Irepodun,NGA,Nigeria,OS,WHO,8/8/2015,3b74fed0-1a4b-459e-a7c8-212361e07525,NIE OSS RLG
13011,Ikole,NGA,Nigeria,EK,GRID,3/11/2016,e37bdbae-8d5b-4e90-a0a0-d977b1bce275,NIE EKS KLE
32003,Bokkos,NGA,Nigeria,PL,GRID,5/21/2018,6147a402-a765-4aad-8777-59ba08760189,NIE PLS BKK
32010,Langtang South,NGA,Nigeria,PL,GRID,5/21/2018,9d08096c-c211-4e7c-a824-861f96fe4f22,NIE PLS MBD
715,Tarmuwa,NGA,Nigeria,YO,Abraham.Oluseye,8/13/2017,33e51050-3f77-4e5e-9ceb-e2e50fc6ec1b,NIE YBS TMW
13002,Efon,NGA,Nigeria,EK,GRID,3/11/2016,db048a5f-56c5-4926-90b4-c4891b91bb6d,NIE EKS EFY
32002,Bassa,NGA,Nigeria,PL,GRID,5/21/2018,d8088bfc-65e5-4020-8816-6251ec425ed8,NIE PLS BSA
32015,Riyom,NGA,Nigeria,PL,GRID,5/21/2018,68d1aecb-1897-457c-8bbc-4c4b40ca44f7,NIE PLS RYM
17021,Orsu,NGA,Nigeria,IM,GRID,5/16/2018,696405d2-043d-431d-9c66-9c49c5ed3b60,NIE IMS AWD
32001,Barkin Ladi,NGA,Nigeria,PL,GRID,5/21/2018,6c4cfc35-6d4b-44cb-87cd-4635da4c3c40,NIE PLS BLD
1015,Umu-Nneochi,NGA,Nigeria,AB,GRID,0,3d8a8d5c-a4f2-4aaa-859d-2717296d486a,NIE ABS UNC
32012,Mikang,NGA,Nigeria,PL,GRID,5/21/2018,7a9a25fd-dffd-478a-9a8f-974465c149dd,NIE PLS TNK
32007,Kanam,NGA,Nigeria,PL,GRID,5/21/2018,27806924-3803-4875-9114-768938d0ce5a,NIE PLS DNG
32008,Kanke,NGA,Nigeria,PL,GRID,5/21/2018,17fae851-7486-4bd6-baa6-fc2b47d0e0f9,NIE PLS KWK
32017,Wase,NGA,Nigeria,PL,GRID,5/21/2018,3c9cb2c9-8ab5-43bb-80b3-e1ede7446312,NIE PLS WAS
18005,Guri,NGA,Nigeria,JI,EHA-OLUSEYE,12/14/2015,946a41c6-67c7-4630-af78-86265e6f3306,NIE JIS GRR
26001,Akwanga,NGA,Nigeria,NA,GRID,0,ad996bdb-1eec-45a0-8ac4-615484f0a420,NIE NAS AKW
32009,Langtang North,NGA,Nigeria,PL,GRID,5/21/2018,c8b1c063-7546-4097-bbe0-5e0caafe0576,NIE PLS LGT
18024,Garki,NGA,Nigeria,JI,EHA-OLUSEYE,9/5/2016,c7d7dbc6-4c1f-47ac-8ced-0e8a3c17798a,NIE JIS GRK
13001,Ado-Ekiti,NGA,Nigeria,EK,GRID,3/11/2016,544ab8ab-0e0a-4acb-a86f-cd714ed4d163,NIE EKS ADK
18011,Hadejia,NGA,Nigeria,JI,EHA-OLUSEYE,9/5/2016,b5309394-b892-4e1d-9ca0-05bf11713723,NIE JIS HJA
32011,Mangu,NGA,Nigeria,PL,GRID,5/21/2018,38cabd5f-6983-4ece-949f-223686936490,NIE PLS MGU
32006,Jos South,NGA,Nigeria,PL,GRID,5/21/2018,92c30878-36d6-43ad-bcc4-e8a8236f56a4,NIE PLS BUU
16005,Funakaye,NGA,Nigeria,GO,GRID,2/3/2017,18cab2be-4c52-4798-8ebb-ab1ec4696952,NIE GMS FKY
32013,Pankshin,NGA,Nigeria,PL,GRID,5/21/2018,439b10fc-b458-4100-8298-c8311275c0cb,NIE PLS PKN
26012,Toto,NGA,Nigeria,NA,GRID,0,f2bd0816-db2b-47ca-84cf-0608a64b689f,NIE NAS NTT
28011,Ijebu Ode,NGA,Nigeria,OG,GRID,0,af080ced-2360-4394-823a-838c3e158ab6,NIE OGS JBD
18002,Taura,NGA,Nigeria,JI,EHA-OLUSEYE,9/5/2016,956920d3-2dc4-4425-9721-60aa71eebfa9,NIE JIS TAR
16010,Shomgom,NGA,Nigeria,GO,GRID,2/3/2017,10c9304e-f793-4075-a552-9af6ff0ec89d,NIE GMS SHM
1017,Umuahia South,NGA,Nigeria,AB,GRID,0,e2acd4f8-f1ca-436f-b3c8-dc3d08bb9c20,NIE ABS APR
1008,Isuikwuato,NGA,Nigeria,AB,GRID,0,04293d21-2b22-4c09-8e77-fb409ed8c1e1,NIE ABS MBL
23003,Ankpa,NGA,Nigeria,KO,EHA-OLUSEYE,4/11/2016,e1bacfe0-dab3-48d4-9a31-429df926bc3d,NIE KGS KPA
26010,Nasarawa Egon,NGA,Nigeria,NA,GRID,0,65b3aa7a-7d69-47f6-9d4e-ff1e7158ccd3,NIE NAS NEG
28004,Yewa North,NGA,Nigeria,OG,GRID,0,5d3b6512-adca-47ae-b5af-3c2bbfb99373,NIE OGS AYE
16004,Dukku,NGA,Nigeria,GO,GRID,2/3/2017,d4435357-5e59-42f3-8df5-5e210f8e2ae6,NIE GMS DKU
1016,Umuahia North,NGA,Nigeria,AB,GRID,0,ca459a54-91df-438d-b673-9161e8ba18e8,NIE ABS UMA
1010,Ohafia,NGA,Nigeria,AB,GRID,0,07319fc5-19df-4b6b-940d-a22f30e23552,NIE ABS HAF
13006,Emure,NGA,Nigeria,EK,GRID,3/11/2016,68e7d86b-6f1c-4b0f-87f5-60fa41b225ba,NIE EKS EMR
119,Mafa,NGA,Nigeria,BR,Oluseye.Abraham,4/29/2017,85b8b333-e9a6-40fc-a174-afadd8e4ed7f,NIE BOS MAF
1007,Isiala-Ngwa South,NGA,Nigeria,AB,GRID,0,6bee7486-0c97-4feb-bd19-bc2b4fe96a47,NIE ABS MBA
116,Konduga,NGA,Nigeria,BR,Oluseye.Abraham,4/28/2017,4a7741a3-22d8-4917-8aed-1912c33bac14,NIE BOS KDG
26006,Keffi,NGA,Nigeria,NA,GRID,0,abce595f-e088-4695-b8d8-bf4359f87197,NIE NAS KEF
1013,Ukwa East,NGA,Nigeria,AB,GRID,0,f24e643b-060a-4e99-866c-cdc8cde740c8,NIE ABS KEK
1014,Ukwa West,NGA,Nigeria,AB,GRID,0,71dcfe4b-383c-449a-8fe8-1fdc3ab4cb9d,NIE ABS KKE
28005,Yewa South,NGA,Nigeria,OG,GRID,0,3ae5360e-3171-416e-8d8f-5a0b0468a660,NIE OGS LAR
1009,Obi Nwga,NGA,Nigeria,AB,GRID,0,183e5e66-b375-44bf-8ee7-4d5aa3b0e539,NIE ABS NGK
1006,Isiala-Ngwa North,NGA,Nigeria,AB,GRID,0,c79860a2-de25-41ca-9c29-763bce954a3a,NIE ABS KPU
107,Damboa,NGA,Nigeria,BR,Oluseye.Abraham,3/31/2017,5f8582d3-c994-4c5d-8b7c-1e75a3f1994e,NIE BOS DAM
1003,Arochukwu,NGA,Nigeria,AB,GRID,0,f951a549-0ec3-4eb0-9eb5-9bec0bf0fedd,NIE ABS ACH
1011,Osisioma Ngwa,NGA,Nigeria,AB,GRID,0,61e3345e-d494-4d5e-a562-5b98e83a7d8b,NIE ABS SSM
1005,Ikwuano,NGA,Nigeria,AB,GRID,0,6510fcc1-058d-4d09-a5c1-8c9a5632d50a,NIE ABS KWU
1004,Bende,NGA,Nigeria,AB,GRID,0,978d7706-ff76-4dd4-a816-311546d8dd1c,NIE ABS BND
111,Gwoza,NGA,Nigeria,BR,Oluseye.Abraham,3/31/2017,b3956678-fe03-44d8-9079-2672ce872da0,NIE BOS GZA
13007,Gbonyin,NGA,Nigeria,EK,GRID,3/11/2016,f7f74d34-36ad-44f1-9ecf-95ff38413578,NIE EKS DEA
102,Askira/Uba,NGA,Nigeria,BR,Oluseye.Abraham,3/31/2017,d38fe4a7-bd58-4225-b552-13db7ac9c646,NIE BOS ASU
13012,Ilejemeje,NGA,Nigeria,EK,GRID,3/11/2016,5dfc741b-505b-46fe-8511-e9f043468c07,NIE EKS YEK
7017,Oju,NGA,Nigeria,BE,GRID,5/16/2018,86854c7b-135e-46c2-bf0d-cd1199b3fc4c,NIE BNS JUX
32004,Jos East,NGA,Nigeria,PL,GRID,5/21/2018,ae4c300e-9c8a-46d6-a462-6f28c2cef5a7,NIE PLS ANW
28009,Ijebu North,NGA,Nigeria,OG,GRID,0,7e4b9416-65f2-4516-b871-233932eedc5a,NIE OGS JGB
28012,Ikenne,NGA,Nigeria,OG,GRID,0,bb70379e-f83a-4fa0-8db5-7348eb316d14,NIE OGS KNN
13005,Ekiti West,NGA,Nigeria,EK,GRID,3/11/2016,38e21ab6-47c0-467a-a8f9-5ec387c60f23,NIE EKS AMK
28006,Ewekoro,NGA,Nigeria,OG,GRID,0,9a0193b1-afc5-492b-b46b-44a797134b1d,NIE OGS TRE
16009,Nafada,NGA,Nigeria,GO,GRID,2/10/2017,8bd4ead7-2849-4b9c-8778-abb348c37630,NIE GMS NFD
28014,Ipokia,NGA,Nigeria,OG,GRID,0,44c28272-d408-44f8-9975-f570ed554979,NIE OGS PKA
28007,Ifo,NGA,Nigeria,OG,GRID,0,3298574c-b6f1-4fd0-8a9d-c0e07a0a5697,NIE OGS FFF
28015,Obafemi Owode,NGA,Nigeria,OG,GRID,0,5ea4bb84-402c-455b-b43a-f9f50bb8d98e,NIE OGS WDE
28003,Ado Odo/Ota,NGA,Nigeria,OG,GRID,0,7f81ae88-1971-4485-984b-afc8c62d3e97,NIE OGS TTD
13016,Oye,NGA,Nigeria,EK,GRID,3/11/2016,045f1955-14ba-4345-a4ba-7e53ada67cd7,NIE EKS YEE
28002,Abeokuta South,NGA,Nigeria,OG,GRID,0,54799f52-0b70-4239-b363-36ab810940e8,NIE OGS AAB
28008,Ijebu East,NGA,Nigeria,OG,GRID,0,d8930a16-7c72-4123-892f-4e97927c913a,NIE OGS GBE
13008,Ido-Osi,NGA,Nigeria,EK,GRID,3/11/2016,3e0ed0c0-757b-4678-a84f-c264db307eb5,NIE EKS DEK
31010,Ibadan South West,NGA,Nigeria,OY,WHO,8/8/2015,0121db2a-0d0a-4d7b-a471-3cdb3264efa3,NIE OYS LUY
28013,Imeko Afon,NGA,Nigeria,OG,GRID,0,8f024f32-f37f-4874-b123-27252279d086,NIE OGS MEK
28020,Shagamu,NGA,Nigeria,OG,GRID,0,450409cc-3b4f-4b40-864c-14f98d31f6ac,NIE OGS SGM
28016,Odeda,NGA,Nigeria,OG,GRID,0,058ba7fb-f6ca-4db4-8512-b51be6dbca0a,NIE OGS EDE
24002,Baruten,NGA,Nigeria,KW,eha_abraham,7/20/2018,61509759-6f29-4580-9df0-743818050241,NIE KWS KSB
28018,Ogun Waterside,NGA,Nigeria,OG,GRID,0,ba1715d7-96b5-4135-8b87-3c7028ed3e0c,NIE OGS ABG
16008,Kwami,NGA,Nigeria,GO,GRID,2/3/2017,a09534dc-0886-4b96-a390-744ac4c7591d,NIE GMS KWM
704,Fika,NGA,Nigeria,YO,EHA-MICHAEL,2/10/2017,44fa1e26-1557-4200-b49d-d24c19cfbfa8,NIE YBS FKA
25007,Epe,NGA,Nigeria,LA,NGA_TEAMGIS,8/7/2018,e10f298f-2d6b-43d4-9065-77c5896e63b6,NIE LAS EPE
24011,Kaiama,NGA,Nigeria,KW,eha_abraham,7/20/2018,01269224-a7b9-4d7c-b77a-7df1dd7a2a07,NIE KWS KMA
602,Bodinga,NGA,Nigeria,SO,EHA-SAMUEL,8/8/2015,68a9d448-844b-4edc-b4f9-7db11585723c,NIE SOS BDN
614,Shagari,NGA,Nigeria,SO,Oluseye.Abraham,3/20/2017,37313ebd-cc03-46ba-87f7-920f46612762,NIE SOS SGR
16002,Balanga,NGA,Nigeria,GO,GRID,3/29/2017,bc3f0316-6701-4f80-b9b1-5143187b0177,NIE GMS BLG
25012,Ikorodu,NGA,Nigeria,LA,NGA_TEAMGIS,8/7/2018,df2c2fb8-5cbe-4d6d-adf1-b1caf1bac986,NIE LAS KRD
123,Monguno,NGA,Nigeria,BR,Oluseye.Abraham,3/31/2017,81df4087-7d19-4215-8342-4dd349ef4f72,NIE BOS MNG
603,Dange Shuni,NGA,Nigeria,SO,EHA-OLUSEYE,12/14/2015,9807f09e-0359-4734-a77e-6ec1b116863d,NIE SOS DGS
110,Guzamala,NGA,Nigeria,BR,Oluseye.Abraham,3/31/2017,1b971f1c-171e-4d0b-9f42-834aa466fccf,NIE BOS GBL
4005,Awka North,NGA,Nigeria,AN,GRID,8/8/2015,9eaf2a6b-5b5b-4d0f-abd3-882215ad3df9,NIE ANS ACA
618,Tambuwal,NGA,Nigeria,SO,EHA-SAMUEL,10/16/2015,a6a5b151-2655-4ad6-82f3-97031fcd5b0e,NIE SOS TBW
9015,Odukpani,NGA,Nigeria,CR,GRID,5/16/2018,b1567df4-0cc2-455f-af94-4cf064a45b0f,NIE CRS DUK
24003,Edu,NGA,Nigeria,KW,eha_abraham,7/20/2018,a1748fed-83d8-45bf-8076-522ed0c836dd,NIE KWS LAF
24016,Pategi,NGA,Nigeria,KW,eha_abraham,7/20/2018,b45050db-9896-4f94-8b82-b87a6ee2ee05,NIE KWS PTG
28001,Abeokuta North,NGA,Nigeria,OG,GRID,0,660ec476-e5c7-492d-a314-98e62e601c07,NIE OGS AKM
32014,Qua'an Pan,NGA,Nigeria,PL,GRID,5/21/2018,0e66903e-31e8-4b0d-89ed-bec8b3e3ee6a,NIE PLS QAP
1002,Aba South,NGA,Nigeria,AB,GRID,0,0e1ab5d5-b368-4bbc-bfeb-2c6c3e3a5692,NIE ABS ABA
11003,Afikpo South,NGA,Nigeria,EB,WHO,8/8/2015,d5b06107-944e-42f3-abfa-f684a61a24c6,NIE EBS EDA
32016,Shendam,NGA,Nigeria,PL,GRID,5/21/2018,f03f7704-e40d-4b82-8fd3-f14939c95c3e,NIE PLS SHD
117,Kukawa,NGA,Nigeria,BR,Oluseye.Abraham,3/31/2017,2bcd5d17-2f5d-4024-8b94-5d1dd1f32041,NIE BOS KWA
26003,Doma,NGA,Nigeria,NA,GRID,0,e4f5be9a-8479-4574-957d-f71ab61ce952,NIE NAS DMA
109,Gubio,NGA,Nigeria,BR,Oluseye.Abraham,3/31/2017,9be0c0d8-3bb2-4ba9-bd04-da7740ebae74,NIE BOS GUB
25009,Ibeju Lekki,NGA,Nigeria,LA,NGA_TEAMGIS,8/7/2018,c9f7efc1-7609-4697-b8fc-6aba70f7f2cb,NIE LAS AKD
126,Nganzai,NGA,Nigeria,BR,Oluseye.Abraham,3/31/2017,295f528d-23ee-4171-becd-3ea0d5669bf1,NIE BOS NGZ
25006,Badagry,NGA,Nigeria,LA,NGA_TEAMGIS,8/7/2018,ef38fa0c-96c2-4b8b-85e7-7c286fd4131b,NIE LAS BDG
4015,Nnewi South,NGA,Nigeria,AN,GRID,8/8/2015,b5a8dd96-c5e7-42d2-8eb2-a32a9eaac6af,NIE ANS UKP
4006,Awka South,NGA,Nigeria,AN,OSGOF,8/8/2015,d9098ade-b7c9-49e9-a203-0fdf2d1ccadb,NIE ANS AWK
4020,Orumba South,NGA,Nigeria,AN,WHO,8/8/2015,7b167e84-8502-4ae6-bb31-9607b1aa436e,NIE ANS UMZ
4016,Ogbaru,NGA,Nigeria,AN,GRID,8/8/2015,32e207a8-bf96-4336-a4bb-c8a04cfca46c,NIE ANS ATN
4009,Ekwusigo,NGA,Nigeria,AN,OSGOF,8/8/2015,57d27b90-ed5c-48f8-98d4-16c00a91c5d3,NIE ANS ZBL
4012,Ihiala,NGA,Nigeria,AN,GRID,8/8/2015,f2253370-85dc-4745-893c-9962b0beee61,NIE ANS HAL
16011,Yamaltu/Deba,NGA,Nigeria,GO,GRID,2/3/2017,ed46b785-43ec-4035-a900-1a45348b74b4,NIE GMS YDB
4019,Orumba North,NGA,Nigeria,AN,GRID,8/8/2015,8618bde9-4040-4e91-ba61-120126f28675,NIE ANS AJL
25011,Ikeja,NGA,Nigeria,LA,EHA-OLUSEYE,8/7/2018,172399ec-75a4-4878-8083-88b701c022f2,NIE LAS KJA
104,Bayo,NGA,Nigeria,BR,Abraham.Oluseye,7/20/2017,bf5d2062-cc6d-415d-a0b8-7e30c4483a98,NIE BOS BAY
4017,Onitsha North,NGA,Nigeria,AN,GRID,8/8/2015,684df77d-a62b-4d09-8a05-2fe5d5b72825,NIE ANS NSH
4001,Aguata,NGA,Nigeria,AN,GRID,8/8/2015,f0a7b335-1ebe-43a0-bc5a-90260343ff30,NIE ANS AGU
17005,Ideato North,NGA,Nigeria,IM,GRID,5/16/2018,4703e348-0489-4bc2-9b9d-9c0169cdde17,NIE IMS URU
4010,Idemili North,NGA,Nigeria,AN,GRID,8/8/2015,71e630a5-0edf-4330-86b2-397e2c14a896,NIE ANS GDD
114,Kaga,NGA,Nigeria,BR,Abraham.Oluseye,8/13/2017,6f21ee3a-f77f-4643-8e10-824b6fa8013a,NIE BOS KGG
