,ADM1_NAME,ADM2_NAME,iso3,ADM0_NAME.x,year,vaccine,GAUL_CODE,merge_status,ADM1_NAME.who,ADM1_NAME.shpfile,ADM2_NAME.who,ADM2_NAME.shpfile,who_coverage,Note
1,bengo,ambriz,AGO,Angola,2016,DTP3,1886,success,NA,NA,ambriz,NA,68,
2,bengo,dande,AGO,Angola,2016,DTP3,1887,success,NA,NA,dande,NA,90,
3,bengo,nambuangongo,AGO,Angola,2016,DTP3,1890,success,NA,NA,nambuangongo,NA,73,
4,benguela,balombo,AGO,Angola,2016,DTP3,1892,success,NA,NA,balombo,NA,79,
5,benguela,benguela,AGO,Angola,2016,DTP3,1893,success,NA,NA,benguela,NA,71,
6,benguela,bocoio,AGO,Angola,2016,DTP3,1894,success,NA,NA,bocoio,NA,87,
7,benguela,chongoroi,AGO,Angola,2016,DTP3,1896,success,NA,NA,chongoroi,NA,104,
8,benguela,cubal,AGO,Angola,2016,DTP3,1897,success,NA,NA,cubal,NA,75,
9,benguela,ganda,AGO,Angola,2016,DTP3,1898,success,NA,NA,ganda,NA,74,
10,benguela,lobito,AGO,Angola,2016,DTP3,1899,success,NA,NA,lobito,NA,81,
11,cabinda,belize,AGO,Angola,2016,DTP3,1909,success,NA,NA,belize,NA,57,
12,cabinda,bucozau,AGO,Angola,2016,DTP3,1910,success,NA,NA,bucozau,NA,127,
13,cabinda,cabinda,AGO,Angola,2016,DTP3,1911,success,NA,NA,cabinda,NA,35,
14,cuandocubango,calai,AGO,Angola,2016,DTP3,1913,success,NA,NA,calai,NA,40,
15,cuandocubango,cuangar,AGO,Angola,2016,DTP3,1914,success,NA,NA,cuangar,NA,75,
16,cuandocubango,cuchi,AGO,Angola,2016,DTP3,1915,success,NA,NA,cuchi,NA,54,
17,cuandocubango,cuitocuanavale,AGO,Angola,2016,DTP3,1916,success,NA,NA,cuitocuanavale,NA,29,
18,cuandocubango,dirico,AGO,Angola,2016,DTP3,1917,success,NA,NA,dirico,NA,3,
19,cuandocubango,mavinga,AGO,Angola,2016,DTP3,1918,success,NA,NA,mavinga,NA,30,
20,cuandocubango,menongue,AGO,Angola,2016,DTP3,1919,success,NA,NA,menongue,NA,32,
21,cuandocubango,nancova,AGO,Angola,2016,DTP3,1920,success,NA,NA,nancova,NA,599,
22,cuandocubango,rivungo,AGO,Angola,2016,DTP3,1921,success,NA,NA,rivungo,NA,12,
23,cuanzanorte,ambaca,AGO,Angola,2016,DTP3,1922,success,NA,NA,ambaca,NA,47,
24,cuanzanorte,banga,AGO,Angola,2016,DTP3,1923,success,NA,NA,banga,NA,168,
25,cuanzanorte,bolongongo,AGO,Angola,2016,DTP3,1924,success,NA,NA,bolongongo,NA,104,
26,cuanzanorte,cambambe,AGO,Angola,2016,DTP3,1926,success,NA,NA,cambambe,NA,91,
27,cuanzanorte,cazengo,AGO,Angola,2016,DTP3,1927,success,NA,NA,cazengo,NA,80,
28,cuanzanorte,golungoalto,AGO,Angola,2016,DTP3,1929,success,NA,NA,golungoalto,NA,43,
29,cuanzanorte,lucala,AGO,Angola,2016,DTP3,1930,success,NA,NA,lucala,NA,84,
30,cuanzanorte,quiculungo,AGO,Angola,2016,DTP3,1933,success,NA,NA,quiculungo,NA,103,
31,cuanzasul,amboim,AGO,Angola,2016,DTP3,1935,success,NA,NA,amboim,NA,75,
32,cuanzasul,cassongue,AGO,Angola,2016,DTP3,1936,success,NA,NA,cassongue,NA,107,
33,cuanzasul,conda,AGO,Angola,2016,DTP3,1937,success,NA,NA,conda,NA,171,
34,cuanzasul,ebo,AGO,Angola,2016,DTP3,1938,success,NA,NA,ebo,NA,77,
35,cuanzasul,libolo,AGO,Angola,2016,DTP3,1939,success,NA,NA,libolo,NA,64,
36,cuanzasul,mussende,AGO,Angola,2016,DTP3,1940,success,NA,NA,mussende,NA,101,
37,cuanzasul,portoamboim,AGO,Angola,2016,DTP3,1941,success,NA,NA,portoamboim,NA,63,
38,cuanzasul,quibala,AGO,Angola,2016,DTP3,1942,success,NA,NA,quibala,NA,60,
39,cuanzasul,quilenda,AGO,Angola,2016,DTP3,1943,success,NA,NA,quilenda,NA,95,
40,cuanzasul,seles,AGO,Angola,2016,DTP3,1944,success,NA,NA,seles,NA,69,
41,cuanzasul,sumbe,AGO,Angola,2016,DTP3,1945,success,NA,NA,sumbe,NA,60,
42,cunene,cahama,AGO,Angola,2016,DTP3,1947,success,NA,NA,cahama,NA,94,
43,cunene,cuanhama,AGO,Angola,2016,DTP3,1948,success,NA,NA,cuanhama,NA,50,
44,cunene,curoca,AGO,Angola,2016,DTP3,1949,success,NA,NA,curoca,NA,52,
45,cunene,cuvelai,AGO,Angola,2016,DTP3,1950,success,NA,NA,cuvelai,NA,112,
46,cunene,ombadja,AGO,Angola,2016,DTP3,1952,success,NA,NA,ombadja,NA,85,
47,huambo,bailundo,AGO,Angola,2016,DTP3,1966,success,NA,NA,bailundo,NA,86,
48,huambo,catchiungo,AGO,Angola,2016,DTP3,1968,success,NA,NA,catchiungo,NA,93,
49,huambo,huambo,AGO,Angola,2016,DTP3,1970,success,NA,NA,huambo,NA,122,
50,huambo,londuimbale,AGO,Angola,2016,DTP3,1971,success,NA,NA,londuimbale,NA,100,
51,huambo,longonjo,AGO,Angola,2016,DTP3,1972,success,NA,NA,longonjo,NA,177,
52,huambo,mungo,AGO,Angola,2016,DTP3,1973,success,NA,NA,mungo,NA,85,
53,huambo,ukuma,AGO,Angola,2016,DTP3,1976,success,NA,NA,ukuma,NA,107,
54,luanda,cacuaco,AGO,Angola,2016,DTP3,1977,success,NA,NA,cacuaco,NA,65,
55,luanda,cazenga,AGO,Angola,2016,DTP3,1978,success,NA,NA,cazenga,NA,71,
56,luanda,ingombota,AGO,Angola,2016,DTP3,1979,success,NA,NA,ingombota,NA,131,
57,luanda,kilambakiaxi,AGO,Angola,2016,DTP3,1980,success,NA,NA,kilambakiaxi,NA,78,
58,luanda,maianga,AGO,Angola,2016,DTP3,1981,success,NA,NA,maianga,NA,80,
59,luanda,rangel,AGO,Angola,2016,DTP3,1982,success,NA,NA,rangel,NA,142,
60,luanda,samba,AGO,Angola,2016,DTP3,1983,success,NA,NA,samba,NA,135,
61,luanda,sambizanga,AGO,Angola,2016,DTP3,1984,success,NA,NA,sambizanga,NA,70,
62,luanda,viana,AGO,Angola,2016,DTP3,1985,success,NA,NA,viana,NA,61,
63,lundanorte,cambulo,AGO,Angola,2016,DTP3,1986,success,NA,NA,cambulo,NA,99,
64,lundanorte,caungula,AGO,Angola,2016,DTP3,1988,success,NA,NA,caungula,NA,76,
65,lundanorte,chitato,AGO,Angola,2016,DTP3,1989,success,NA,NA,chitato,NA,83,
66,lundanorte,cuango,AGO,Angola,2016,DTP3,1990,success,NA,NA,cuango,NA,116,
67,lundanorte,cuilo,AGO,Angola,2016,DTP3,1991,success,NA,NA,cuilo,NA,54,
68,lundanorte,lubalo,AGO,Angola,2016,DTP3,1992,success,NA,NA,lubalo,NA,95,
69,lundanorte,lucapa,AGO,Angola,2016,DTP3,1993,success,NA,NA,lucapa,NA,118,
70,lundasul,cacolo,AGO,Angola,2016,DTP3,1995,success,NA,NA,cacolo,NA,146,
71,lundasul,dala,AGO,Angola,2016,DTP3,1996,success,NA,NA,dala,NA,91,
72,lundasul,muconda,AGO,Angola,2016,DTP3,1997,success,NA,NA,muconda,NA,93,
73,lundasul,saurimo,AGO,Angola,2016,DTP3,1998,success,NA,NA,saurimo,NA,90,
74,malanje,calandula,AGO,Angola,2016,DTP3,2000,success,NA,NA,calandula,NA,71,
75,malanje,cambundicatembo,AGO,Angola,2016,DTP3,2001,success,NA,NA,cambundicatembo,NA,37,
76,malanje,cangandala,AGO,Angola,2016,DTP3,2002,success,NA,NA,cangandala,NA,107,
77,malanje,luquembo,AGO,Angola,2016,DTP3,2006,success,NA,NA,luquembo,NA,74,
78,malanje,malanje,AGO,Angola,2016,DTP3,2007,success,NA,NA,malanje,NA,151,
79,malanje,marimba,AGO,Angola,2016,DTP3,2008,success,NA,NA,marimba,NA,50,
80,malanje,massango,AGO,Angola,2016,DTP3,2009,success,NA,NA,massango,NA,8,
81,malanje,quela,AGO,Angola,2016,DTP3,2011,success,NA,NA,quela,NA,61,
82,malanje,quirima,AGO,Angola,2016,DTP3,2012,success,NA,NA,quirima,NA,57,
83,moxico,altozambeze,AGO,Angola,2016,DTP3,2013,success,NA,NA,altozambeze,NA,410,
84,moxico,camanongue,AGO,Angola,2016,DTP3,2014,success,NA,NA,camanongue,NA,121,
85,moxico,luau,AGO,Angola,2016,DTP3,2017,success,NA,NA,luau,NA,59,
86,moxico,luchazes,AGO,Angola,2016,DTP3,2019,success,NA,NA,luchazes,NA,11,
87,moxico,lumbalanguimbo,AGO,Angola,2016,DTP3,2020,success,NA,NA,lumbalanguimbo,NA,315,
88,namibe,bibala,AGO,Angola,2016,DTP3,2022,success,NA,NA,bibala,NA,35,
89,namibe,namibe,AGO,Angola,2016,DTP3,2024,success,NA,NA,namibe,NA,50,
90,namibe,virei,AGO,Angola,2016,DTP3,2026,success,NA,NA,virei,NA,70,
91,zaire,cuimba,AGO,Angola,2016,DTP3,2043,success,NA,NA,cuimba,NA,39,
92,zaire,mbanzacongo,AGO,Angola,2016,DTP3,2044,success,NA,NA,mbanzacongo,NA,61,
93,zaire,noqui,AGO,Angola,2016,DTP3,2046,success,NA,NA,noqui,NA,87,
94,zaire,nzeto,AGO,Angola,2016,DTP3,2045,success,NA,NA,nzeto,NA,60,
95,zaire,soyo,AGO,Angola,2016,DTP3,2047,success,NA,NA,soyo,NA,61,
96,zaire,tomboco,AGO,Angola,2016,DTP3,2048,success,NA,NA,tomboco,NA,63,
97,NA,NA,AGO,Angola,2016,NA,1901,fuzzy need fix,bie,bi,camacupa,camacupa,57,
98,NA,NA,AGO,Angola,2016,NA,2023,fuzzy need fix,bie,namibe,camacupa,camacuio,57,r
99,NA,NA,AGO,Angola,2016,NA,1967,fuzzy need fix,huambo,huambo,caala,caila,116,
100,NA,NA,AGO,Angola,2016,NA,1963,fuzzy need fix,huambo,hula,caala,matala,116,r
101,NA,NA,AGO,Angola,2016,NA,1953,fuzzy need fix,huila,hula,caconda,caconda,88,
102,NA,NA,AGO,Angola,2016,NA,1987,fuzzy need fix,huila,lundanorte,caconda,capenda,88,r
103,NA,NA,AGO,Angola,2016,NA,1967,fuzzy need fix,huila,huambo,cacula,caila,139,change
104,NA,NA,AGO,Angola,2016,NA,1999,fuzzy need fix,huila,malanje,cacula,cacuzo,139,change
105,NA,NA,AGO,Angola,2016,NA,1961,fuzzy need fix,huila,hula,cuvango,kuvango,54,
106,NA,NA,AGO,Angola,2016,NA,1962,fuzzy need fix,huila,hula,cuvango,lubango,54,r
107,NA,NA,AGO,Angola,2016,NA,1928,fuzzy need fix,huila,cuanzanorte,gambos,dembos,76,r
108,NA,NA,AGO,Angola,2016,NA,1958,fuzzy need fix,huila,hula,gambos,gambos,76,
109,NA,NA,AGO,Angola,2016,NA,1960,fuzzy need fix,huila,hula,jamba,jamba,103,
110,NA,NA,AGO,Angola,2016,NA,2032,fuzzy need fix,huila,uge,jamba,damba,103,r
111,NA,NA,AGO,Angola,2016,NA,1961,fuzzy need fix,huila,hula,lubango,kuvango,73,r
112,NA,NA,AGO,Angola,2016,NA,1962,fuzzy need fix,huila,hula,lubango,lubango,73,
113,NA,NA,AGO,Angola,2016,NA,2018,fuzzy need fix,huila,moxico,lubango,lucano,73,r
114,NA,NA,AGO,Angola,2016,NA,2031,fuzzy need fix,uige,uge,bungo,bungo,115,
115,NA,NA,AGO,Angola,2016,NA,2041,fuzzy need fix,uige,uge,bungo,songo,115,r
116,NA,NA,AGO,Angola,2016,NA,1960,fuzzy need fix,uige,hula,damba,jamba,123,r
117,NA,NA,AGO,Angola,2016,NA,2032,fuzzy need fix,uige,uge,damba,damba,123,
118,NA,NA,AGO,Angola,2016,NA,2010,fuzzy need fix,uige,malanje,mucaba,mucari,85,r
119,NA,NA,AGO,Angola,2016,NA,2035,fuzzy need fix,uige,uge,mucaba,mucaba,85,
120,NA,NA,AGO,Angola,2016,NA,2031,fuzzy need fix,uige,uge,songo,bungo,123,r
121,NA,NA,AGO,Angola,2016,NA,2041,fuzzy need fix,uige,uge,songo,songo,123,
122,NA,NA,AGO,Angola,2016,NA,1925,fuzzy success,bengo,cuanzanorte,bulaatumba,bulaatumba,107,
123,NA,NA,AGO,Angola,2016,NA,1932,fuzzy success,bengo,cuanzanorte,pangoaluquem,pangoaluqum,122,
124,NA,NA,AGO,Angola,2016,NA,1891,fuzzy success,benguela,benguela,baiafarta,baafarta,111,
125,NA,NA,AGO,Angola,2016,NA,1895,fuzzy success,benguela,benguela,caimbambo,caiambambo,56,
126,NA,NA,AGO,Angola,2016,NA,1900,fuzzy success,bie,bi,andulo,andulo,90,
127,NA,NA,AGO,Angola,2016,NA,1902,fuzzy success,bie,bi,catabola,catabola,65,
128,NA,NA,AGO,Angola,2016,NA,1903,fuzzy success,bie,bi,chinguar,chinguar,97,
129,NA,NA,AGO,Angola,2016,NA,1904,fuzzy success,bie,bi,chitembo,chitembo,70,
130,NA,NA,AGO,Angola,2016,NA,1905,fuzzy success,bie,bi,cuemba,cuemba,79,
131,NA,NA,AGO,Angola,2016,NA,1907,fuzzy success,bie,bi,cuito,kuito,69,
132,NA,NA,AGO,Angola,2016,NA,1906,fuzzy success,bie,bi,cunhinga,cunhinga,100,
133,NA,NA,AGO,Angola,2016,NA,1908,fuzzy success,bie,bi,nharea,nharea,71,
134,NA,NA,AGO,Angola,2016,NA,1953,fuzzy success,cabinda,hula,cacongo,caconda,108,change
135,NA,NA,AGO,Angola,2016,NA,1931,fuzzy success,cuanzanorte,cuanzanorte,gonguembo,ngonguembo,54,
136,NA,NA,AGO,Angola,2016,NA,1934,fuzzy success,cuanzanorte,cuanzanorte,sambacaju,sambacaj,42,
137,NA,NA,AGO,Angola,2016,NA,1967,fuzzy success,cuanzasul,huambo,cela,caila,45,change
138,NA,NA,AGO,Angola,2016,NA,1951,fuzzy success,cunene,cunene,namacunde,namakunde,28,
139,NA,NA,AGO,Angola,2016,NA,1969,fuzzy success,huambo,huambo,ecunha,ekunha,113,
140,NA,NA,AGO,Angola,2016,NA,1975,fuzzy success,huambo,huambo,tchinjenje,tchindjenje,102,
141,NA,NA,AGO,Angola,2016,NA,1954,fuzzy success,huila,hula,caluquembe,caluquembe,86,
142,NA,NA,AGO,Angola,2016,NA,1955,fuzzy success,huila,hula,chibia,chibia,96,
143,NA,NA,AGO,Angola,2016,NA,1956,fuzzy success,huila,hula,chicomba,chicomba,108,
144,NA,NA,AGO,Angola,2016,NA,1957,fuzzy success,huila,hula,chipindo,chipindo,97,
145,NA,NA,AGO,Angola,2016,NA,1959,fuzzy success,huila,hula,humpata,humpata,91,
146,NA,NA,AGO,Angola,2016,NA,1963,fuzzy success,huila,hula,matala,matala,80,
147,NA,NA,AGO,Angola,2016,NA,1964,fuzzy success,huila,hula,quilengues,quilengues,118,
148,NA,NA,AGO,Angola,2016,NA,1888,fuzzy success,luanda,bengo,icoloebengo,icoloebengo,83,
149,NA,NA,AGO,Angola,2016,NA,1994,fuzzy success,lundanorte,lundanorte,xamuteba,ximuteba,80,
150,NA,NA,AGO,Angola,2016,NA,1999,fuzzy success,malanje,malanje,cacuso,cacuzo,82,
151,NA,NA,AGO,Angola,2016,NA,2003,fuzzy success,malanje,malanje,cahombo,caombo,77,
152,NA,NA,AGO,Angola,2016,NA,2005,fuzzy success,malanje,malanje,cundadiabaze,cundadiabaza,6,
153,NA,NA,AGO,Angola,2016,NA,2016,fuzzy success,moxico,moxico,leua,lua,149,
154,NA,NA,AGO,Angola,2016,NA,2018,fuzzy success,moxico,moxico,luacano,lucano,263,
155,NA,NA,AGO,Angola,2016,NA,2023,fuzzy success,namibe,namibe,camucuio,camacuio,74,
156,NA,NA,AGO,Angola,2016,NA,2025,fuzzy success,namibe,namibe,tombua,tombwa,76,
157,NA,NA,AGO,Angola,2016,NA,2028,fuzzy success,uige,uge,ambuila,ambuila,104,
158,NA,NA,AGO,Angola,2016,NA,2029,fuzzy success,uige,uge,bembe,bembe,98,
159,NA,NA,AGO,Angola,2016,NA,2030,fuzzy success,uige,uge,buengas,buengas,94,
160,NA,NA,AGO,Angola,2016,NA,2033,fuzzy success,uige,uge,maqueladozombo,maqueladozombo,98,
161,NA,NA,AGO,Angola,2016,NA,2034,fuzzy success,uige,uge,milunga,milunga,89,
162,NA,NA,AGO,Angola,2016,NA,2036,fuzzy success,uige,uge,negage,negage,111,
163,NA,NA,AGO,Angola,2016,NA,2037,fuzzy success,uige,uge,puri,puri,99,
164,NA,NA,AGO,Angola,2016,NA,2038,fuzzy success,uige,uge,quimbele,quimbele,56,
165,NA,NA,AGO,Angola,2016,NA,2039,fuzzy success,uige,uge,quitexe,quitexe,71,
166,NA,NA,AGO,Angola,2016,NA,2040,fuzzy success,uige,uge,sanzapombo,sanzapombo,81,
167,NA,NA,AGO,Angola,2016,NA,2042,fuzzy success,uige,uge,uige,uge,111,
168,bengo,dembosquibaxe,AGO,Angola,2016,DTP3,NA,in WHO but not shpfile,NA,NA,dembosquibaxe,NA,60,
169,benguela,catumbela,AGO,Angola,2016,DTP3,NA,in WHO but not shpfile,NA,NA,catumbela,NA,85,
170,huambo,tchikalatcholohang,AGO,Angola,2016,DTP3,1974,in WHO but not shpfile,NA,NA,tchikalatcholohang,tchicalatcholoanga,97,manual add
171,huila,quipungo,AGO,Angola,2016,DTP3,NA,in WHO but not shpfile,NA,NA,quipungo,NA,82,
172,luanda,belas,AGO,Angola,2016,DTP3,NA,in WHO but not shpfile,NA,NA,belas,NA,68,
173,luanda,quissama,AGO,Angola,2016,DTP3,NA,in WHO but not shpfile,NA,NA,quissama,NA,50,
174,lundanorte,capendacamulemba,AGO,Angola,2016,DTP3,NA,in WHO but not shpfile,NA,NA,capendacamulemba,NA,85,
175,malanje,caculamamucari,AGO,Angola,2016,DTP3,NA,in WHO but not shpfile,NA,NA,caculamamucari,NA,76,
176,malanje,kiuabanzoji,AGO,Angola,2016,DTP3,NA,in WHO but not shpfile,NA,NA,kiuabanzoji,NA,53,
177,moxico,lumejecameia,AGO,Angola,2016,DTP3,NA,in WHO but not shpfile,NA,NA,lumejecameia,NA,194,
178,moxico,moxicoluena,AGO,Angola,2016,DTP3,NA,in WHO but not shpfile,NA,NA,moxicoluena,NA,124,
179,uige,cangola,AGO,Angola,2016,DTP3,NA,in WHO but not shpfile,NA,NA,cangola,NA,107,
180,bengo,muxima,AGO,Angola,NA,NA,1889,in shpfile but not WHO,NA,Bengo,NA,muxima,NA,
181,cabinda,landana,AGO,Angola,NA,NA,1912,in shpfile but not WHO,NA,Cabinda,NA,landana,NA,
182,cuanzasul,wakukungo,AGO,Angola,NA,NA,1946,in shpfile but not WHO,NA,Cuanza Sul,NA,wakukungo,NA,
183,huambo,tchicalatcholoanga,AGO,Angola,NA,NA,1974,in shpfile but not WHO,NA,Huambo,NA,tchicalatcholoanga,NA,
184,hula,tchipungo,AGO,Angola,NA,NA,1965,in shpfile but not WHO,NA,Hu?¡la,NA,tchipungo,NA,
185,malanje,cuabanzogo,AGO,Angola,NA,NA,2004,in shpfile but not WHO,NA,Malanje,NA,cuabanzogo,NA,
186,moxico,cameia,AGO,Angola,NA,NA,2015,in shpfile but not WHO,NA,Moxico,NA,cameia,NA,
187,moxico,moxico,AGO,Angola,NA,NA,2021,in shpfile but not WHO,NA,Moxico,NA,moxico,NA,
188,uge,altocauale,AGO,Angola,NA,NA,2027,in shpfile but not WHO,NA,U?¡ge,NA,altocauale,NA,
189,biokonorte,baney,GNQ,Equatorial Guinea,2016,DTP3,14870,success,NA,NA,baney,NA,97.71895313,
190,biokonorte,malabo,GNQ,Equatorial Guinea,2016,DTP3,14871,success,NA,NA,malabo,NA,37.89040901,
191,biokosur,luba,GNQ,Equatorial Guinea,2016,DTP3,14873,success,NA,NA,luba,NA,66.55861477,
192,biokosur,riaba,GNQ,Equatorial Guinea,2016,DTP3,14874,success,NA,NA,riaba,NA,63.43356844,
193,centrosur,acurenam,GNQ,Equatorial Guinea,2016,DTP3,14875,success,NA,NA,acurenam,NA,50.16195635,
194,centrosur,evinayong,GNQ,Equatorial Guinea,2016,DTP3,14877,success,NA,NA,evinayong,NA,56.89183409,
195,centrosur,niefang,GNQ,Equatorial Guinea,2016,DTP3,14878,success,NA,NA,niefang,NA,47.79401174,
196,litoral,bata,GNQ,Equatorial Guinea,2016,DTP3,14886,success,NA,NA,bata,NA,43.98339055,
197,litoral,cogo,GNQ,Equatorial Guinea,2016,DTP3,14888,success,NA,NA,cogo,NA,9.943756716,
198,litoral,mbini,GNQ,Equatorial Guinea,2016,DTP3,14891,success,NA,NA,mbini,NA,42.02735599,
199,welenzas,aconibe,GNQ,Equatorial Guinea,2016,DTP3,14894,success,NA,NA,aconibe,NA,45.47551356,
200,welenzas,mongomo,GNQ,Equatorial Guinea,2016,DTP3,14898,success,NA,NA,mongomo,NA,48.84453617,
201,welenzas,nsork,GNQ,Equatorial Guinea,2016,DTP3,14899,success,NA,NA,nsork,NA,51.46849195,
202,NA,NA,GNQ,Equatorial Guinea,2016,NA,14881,fuzzy success,kientem,kintem,ebebiyin,ebebiyin,56.02295405,
203,NA,NA,GNQ,Equatorial Guinea,2016,NA,14882,fuzzy success,kientem,kintem,micomiseng,micomeseng,67.60832935,
204,NA,NA,GNQ,Equatorial Guinea,2016,NA,14885,fuzzy success,kientem,kintem,nsoknsomo,nsoknsomo,29.66061071,
205,NA,NA,GNQ,Equatorial Guinea,2016,NA,14893,fuzzy success,welenzas,welenzas,anisok,aisok,10.35603686,
206,annobon,annobon,GNQ,Equatorial Guinea,2016,DTP3,NA,in WHO but not shpfile,NA,NA,annobon,NA,107.8304276,
207,annobn,mabana,GNQ,Equatorial Guinea,NA,NA,14868,in shpfile but not WHO,NA,Annob??n,NA,mabana,NA,
208,annobn,sanantoniodepal,GNQ,Equatorial Guinea,NA,NA,14869,in shpfile but not WHO,NA,Annob??n,NA,sanantoniodepal,NA,
209,biokonorte,rebola,GNQ,Equatorial Guinea,NA,NA,14872,in shpfile but not WHO,NA,Bioko Norte,NA,rebola,NA,
210,centrosur,bicurga,GNQ,Equatorial Guinea,NA,NA,14876,in shpfile but not WHO,NA,Centro Sur,NA,bicurga,NA,
211,centrosur,nkimi,GNQ,Equatorial Guinea,NA,NA,14879,in shpfile but not WHO,NA,Centro Sur,NA,nkimi,NA,
212,kintem,bidjabidjan,GNQ,Equatorial Guinea,NA,NA,14880,in shpfile but not WHO,NA,Ki??-Ntem,NA,bidjabidjan,NA,
213,kintem,nasng,GNQ,Equatorial Guinea,NA,NA,14883,in shpfile but not WHO,NA,Ki??-Ntem,NA,nasng,NA,
214,kintem,nkue,GNQ,Equatorial Guinea,NA,NA,14884,in shpfile but not WHO,NA,Ki??-Ntem,NA,nkue,NA,
215,litoral,bitica,GNQ,Equatorial Guinea,NA,NA,14887,in shpfile but not WHO,NA,Litoral,NA,bitica,NA,
216,litoral,corisco,GNQ,Equatorial Guinea,NA,NA,14889,in shpfile but not WHO,NA,Litoral,NA,corisco,NA,
217,litoral,machinda,GNQ,Equatorial Guinea,NA,NA,14890,in shpfile but not WHO,NA,Litoral,NA,machinda,NA,
218,litoral,riocampo,GNQ,Equatorial Guinea,NA,NA,14892,in shpfile but not WHO,NA,Litoral,NA,riocampo,NA,
219,welenzas,ayene,GNQ,Equatorial Guinea,NA,NA,14895,in shpfile but not WHO,NA,Wele-Nzas,NA,ayene,NA,
220,welenzas,ciudadnuevaoyala,GNQ,Equatorial Guinea,NA,NA,14896,in shpfile but not WHO,NA,Wele-Nzas,NA,ciudadnuevaoyala,NA,
221,welenzas,mongomeyenmongomeyen,GNQ,Equatorial Guinea,NA,NA,14897,in shpfile but not WHO,NA,Wele-Nzas,NA,mongomeyenmongomeyen,NA,
222,gao,ansongo,MLI,Mali,2016,DTP3,22118,success,NA,NA,ansongo,NA,104.0580851,
223,gao,bourem,MLI,Mali,2016,DTP3,22119,success,NA,NA,bourem,NA,86.33817975,
224,gao,gao,MLI,Mali,2016,DTP3,22120,success,NA,NA,gao,NA,88.17407457,
225,kayes,kayes,MLI,Mali,2016,DTP3,22125,success,NA,NA,kayes,NA,86.18302645,
226,kayes,kita,MLI,Mali,2016,DTP3,22126,success,NA,NA,kita,NA,84.98948051,
227,kayes,nioro,MLI,Mali,2016,DTP3,22127,success,NA,NA,nioro,NA,97.46254966,
228,kidal,kidal,MLI,Mali,2016,DTP3,22130,success,NA,NA,kidal,NA,102.2352422,
229,kidal,tessalit,MLI,Mali,2016,DTP3,22131,success,NA,NA,tessalit,NA,55,
230,kidal,tinessako,MLI,Mali,2016,DTP3,22132,success,NA,NA,tinessako,NA,20,
231,koulikoro,banamba,MLI,Mali,2016,DTP3,22133,success,NA,NA,banamba,NA,97.71534889,
232,koulikoro,kangaba,MLI,Mali,2016,DTP3,22135,success,NA,NA,kangaba,NA,111.5543035,
233,koulikoro,kati,MLI,Mali,2016,DTP3,22136,success,NA,NA,kati,NA,99.45503894,
234,koulikoro,kolokani,MLI,Mali,2016,DTP3,22137,success,NA,NA,kolokani,NA,94.93528716,
235,koulikoro,koulikoro,MLI,Mali,2016,DTP3,22138,success,NA,NA,koulikoro,NA,79.45785146,
236,koulikoro,nara,MLI,Mali,2016,DTP3,22139,success,NA,NA,nara,NA,93.8434713,
237,mopti,bandiagara,MLI,Mali,2016,DTP3,22140,success,NA,NA,bandiagara,NA,93.43651032,
238,mopti,bankass,MLI,Mali,2016,DTP3,22141,success,NA,NA,bankass,NA,105.9964861,
239,mopti,douentza,MLI,Mali,2016,DTP3,22143,success,NA,NA,douentza,NA,78.8084625,
240,mopti,koro,MLI,Mali,2016,DTP3,22144,success,NA,NA,koro,NA,94.52576935,
241,mopti,mopti,MLI,Mali,2016,DTP3,22145,success,NA,NA,mopti,NA,83.80182359,
242,mopti,youwarou,MLI,Mali,2016,DTP3,22147,success,NA,NA,youwarou,NA,104.2100353,
243,sikasso,bougouni,MLI,Mali,2016,DTP3,22155,success,NA,NA,bougouni,NA,90.83017934,
244,sikasso,kadiolo,MLI,Mali,2016,DTP3,22156,success,NA,NA,kadiolo,NA,105.8033057,
245,sikasso,koutiala,MLI,Mali,2016,DTP3,22158,success,NA,NA,koutiala,NA,105.9686643,
246,sikasso,sikasso,MLI,Mali,2016,DTP3,22159,success,NA,NA,sikasso,NA,88.73616088,
247,sikasso,yanfolila,MLI,Mali,2016,DTP3,22160,success,NA,NA,yanfolila,NA,111.322674,
248,sikasso,yorosso,MLI,Mali,2016,DTP3,22161,success,NA,NA,yorosso,NA,98.31325063,
249,NA,NA,MLI,Mali,2016,NA,22123,fuzzy need fix,kayes,kayes,diema,dima,106.1269867,
250,NA,NA,MLI,Mali,2016,NA,22134,fuzzy need fix,kayes,koulikoro,diema,diola,106.1269867,r
251,NA,NA,MLI,Mali,2016,NA,22123,fuzzy need fix,tombouctou,kayes,dire,dima,110.9549474,r
252,NA,NA,MLI,Mali,2016,NA,22162,fuzzy need fix,tombouctou,timbuktu,dire,dir,110.9549474,
253,NA,NA,MLI,Mali,2016,NA,22121,fuzzy success,gao,gao,menaka,mnaka,103.847012,
254,NA,NA,MLI,Mali,2016,NA,22122,fuzzy success,kayes,kayes,bafoulabe,bafoulab,86.4665855,
255,NA,NA,MLI,Mali,2016,NA,22124,fuzzy success,kayes,kayes,kenieba,kniba,83.32585042,
256,NA,NA,MLI,Mali,2016,NA,22128,fuzzy success,kayes,kayes,yelimane,yliman,75.11199697,
257,NA,NA,MLI,Mali,2016,NA,22129,fuzzy success,kidal,kidal,abeibara,abebara,32,
258,NA,NA,MLI,Mali,2016,NA,22134,fuzzy success,koulikoro,koulikoro,dioila,diola,85.93707825,
259,NA,NA,MLI,Mali,2016,NA,22153,fuzzy success,koulikoro,sgou,fana,san,106.0954161,change
260,NA,NA,MLI,Mali,2016,NA,22142,fuzzy success,mopti,mopti,djenne,djenn,99.324266,
261,NA,NA,MLI,Mali,2016,NA,22146,fuzzy success,mopti,mopti,tenenkou,tnenkou,83.98717425,
262,NA,NA,MLI,Mali,2016,NA,22148,fuzzy success,segou,sgou,baroueli,barouli,94.63245028,
263,NA,NA,MLI,Mali,2016,NA,22149,fuzzy success,segou,sgou,bla,bla,104.873165,
264,NA,NA,MLI,Mali,2016,NA,22150,fuzzy success,segou,sgou,macina,macina,93.29303179,
265,NA,NA,MLI,Mali,2016,NA,22151,fuzzy success,segou,sgou,niono,niono,89.34643701,
266,NA,NA,MLI,Mali,2016,NA,22153,fuzzy success,segou,sgou,san,san,100.4334492,
267,NA,NA,MLI,Mali,2016,NA,22152,fuzzy success,segou,sgou,segou,sgou,77.53270009,
268,NA,NA,MLI,Mali,2016,NA,22154,fuzzy success,segou,sgou,tominian,tominian,91.06358025,
269,NA,NA,MLI,Mali,2016,NA,22157,fuzzy success,sikasso,sikasso,kolondieba,kolondiba,107.9367004,
270,NA,NA,MLI,Mali,2016,NA,22151,fuzzy success,sikasso,sgou,niena,niono,103.9593401,change
271,NA,NA,MLI,Mali,2016,NA,22163,fuzzy success,tombouctou,timbuktu,goundam,goundam,57.89588535,
272,NA,NA,MLI,Mali,2016,NA,22164,fuzzy success,tombouctou,timbuktu,gourmarharous,gourmarharous,80.78614338,
273,NA,NA,MLI,Mali,2016,NA,22165,fuzzy success,tombouctou,timbuktu,niafunke,niafunk,88.3754695,
274,NA,NA,MLI,Mali,2016,NA,22166,fuzzy success,tombouctou,timbuktu,tombouctou,tombouctou,77.05750509,
275,bamako,commune1,MLI,Mali,2016,DTP3,NA,in WHO but not shpfile,NA,NA,commune1,NA,105.2129812,
276,bamako,commune2,MLI,Mali,2016,DTP3,NA,in WHO but not shpfile,NA,NA,commune2,NA,97.39811625,
277,bamako,commune3,MLI,Mali,2016,DTP3,NA,in WHO but not shpfile,NA,NA,commune3,NA,99.77854567,
278,bamako,commune4,MLI,Mali,2016,DTP3,NA,in WHO but not shpfile,NA,NA,commune4,NA,94.63187451,
279,bamako,commune5,MLI,Mali,2016,DTP3,NA,in WHO but not shpfile,NA,NA,commune5,NA,91.63277695,
280,bamako,commune6,MLI,Mali,2016,DTP3,NA,in WHO but not shpfile,NA,NA,commune6,NA,119.4316644,
281,kayes,oussoubidiagna,MLI,Mali,2016,DTP3,NA,in WHO but not shpfile,NA,NA,oussoubidiagna,NA,93.62229412,
282,kayes,sagabary,MLI,Mali,2016,DTP3,NA,in WHO but not shpfile,NA,NA,sagabary,NA,76.8659333,
283,kayes,sefeto,MLI,Mali,2016,DTP3,NA,in WHO but not shpfile,NA,NA,sefeto,NA,52.318914,
284,koulikoro,kalabancoro,MLI,Mali,2016,DTP3,NA,in WHO but not shpfile,NA,NA,kalabancoro,NA,103.8033691,
285,koulikoro,ouelessebougou,MLI,Mali,2016,DTP3,NA,in WHO but not shpfile,NA,NA,ouelessebougou,NA,78.27991896,
286,segou,markala,MLI,Mali,2016,DTP3,NA,in WHO but not shpfile,NA,NA,markala,NA,105.7875782,
287,sikasso,kignan,MLI,Mali,2016,DTP3,NA,in WHO but not shpfile,NA,NA,kignan,NA,95.63969767,
288,sikasso,selingue,MLI,Mali,2016,DTP3,NA,in WHO but not shpfile,NA,NA,selingue,NA,87.19124664,
289,bamako,bamako,MLI,Mali,NA,NA,22117,in shpfile but not WHO,NA,Bamako,NA,bamako,NA,
290,agadez,arlit,NER,Niger,2016,DTP3,25602,success,NA,NA,arlit,NA,68.0310963,
291,agadez,bilma,NER,Niger,2016,DTP3,25603,success,NA,NA,bilma,NA,84.01869159,
292,diffa,diffa,NER,Niger,2016,DTP3,25605,success,NA,NA,diffa,NA,96.25497235,
293,diffa,nguigmi,NER,Niger,2016,DTP3,25607,success,NA,NA,nguigmi,NA,67.12876682,
294,dosso,boboye,NER,Niger,2016,DTP3,25608,success,NA,NA,boboye,NA,97.80753138,
295,dosso,dosso,NER,Niger,2016,DTP3,25610,success,NA,NA,dosso,NA,92.26459144,
296,dosso,gaya,NER,Niger,2016,DTP3,25611,success,NA,NA,gaya,NA,77.83731612,
297,dosso,loga,NER,Niger,2016,DTP3,25612,success,NA,NA,loga,NA,93.95536268,
298,maradi,dakoro,NER,Niger,2016,DTP3,25614,success,NA,NA,dakoro,NA,95.71452433,
299,maradi,madarounfa,NER,Niger,2016,DTP3,25616,success,NA,NA,madarounfa,NA,95.80017,
300,maradi,mayahi,NER,Niger,2016,DTP3,25617,success,NA,NA,mayahi,NA,93.61106694,
301,maradi,tessaoua,NER,Niger,2016,DTP3,25618,success,NA,NA,tessaoua,NA,92.20752483,
302,tahoua,bouza,NER,Niger,2016,DTP3,25621,success,NA,NA,bouza,NA,88.03773437,
303,tahoua,keita,NER,Niger,2016,DTP3,25623,success,NA,NA,keita,NA,101.6100693,
304,tahoua,madaoua,NER,Niger,2016,DTP3,25624,success,NA,NA,madaoua,NA,97.21605568,
305,tahoua,tahoua,NER,Niger,2016,DTP3,25625,success,NA,NA,tahoua,NA,96.17622935,
306,zinder,magaria,NER,Niger,2016,DTP3,25634,success,NA,NA,magaria,NA,93.27197212,
307,zinder,matameye,NER,Niger,2016,DTP3,25635,success,NA,NA,matameye,NA,99.1846329,
308,zinder,mirriah,NER,Niger,2016,DTP3,25636,success,NA,NA,mirriah,NA,93.55672389,
309,zinder,tanout,NER,Niger,2016,DTP3,25637,success,NA,NA,tanout,NA,92.74318597,
310,NA,NA,NER,Niger,2016,NA,25613,fuzzy success,maradi,maradi,aguie,agui,103.8179568,
311,NA,NA,NER,Niger,2016,NA,25615,fuzzy success,maradi,maradi,groumji,groumdji,84.0457573,
312,NA,NA,NER,Niger,2016,NA,25619,fuzzy success,niamey,niamey,niamey1,niamey,98.59656059,slightly different
313,NA,NA,NER,Niger,2016,NA,25619,fuzzy success,niamey,niamey,niamey2,niamey,81.3365484,slightly different
314,NA,NA,NER,Niger,2016,NA,25619,fuzzy success,niamey,niamey,niamey3,niamey,88.77373111,slightly different
315,NA,NA,NER,Niger,2016,NA,25619,fuzzy success,niamey,niamey,niamey4,niamey,103.5920342,slightly different
316,NA,NA,NER,Niger,2016,NA,25619,fuzzy success,niamey,niamey,niamey5,niamey,80.85954807,slightly different
317,NA,NA,NER,Niger,2016,NA,25622,fuzzy success,tahoua,tahoua,illela,illla,103.4454153,
318,NA,NA,NER,Niger,2016,NA,25620,fuzzy success,tahoua,tahoua,konni,bkonni,96.18662519,
319,NA,NA,NER,Niger,2016,NA,25627,fuzzy success,tillaberi,tillabry,filingue,filingu,96.887826,
320,NA,NA,NER,Niger,2016,NA,25628,fuzzy success,tillaberi,tillabry,kollo,kollo,86.40160511,
321,NA,NA,NER,Niger,2016,NA,25629,fuzzy success,tillaberi,tillabry,ouallam,ouallam,100.3595147,
322,NA,NA,NER,Niger,2016,NA,25630,fuzzy success,tillaberi,tillabry,say,say,87.46714279,
323,NA,NA,NER,Niger,2016,NA,25631,fuzzy success,tillaberi,tillabry,tera,tra,91.15549215,
324,NA,NA,NER,Niger,2016,NA,25632,fuzzy success,tillaberi,tillabry,tillaberi,tillabry,95.14085373,
325,NA,NA,NER,Niger,2016,NA,25633,fuzzy success,zinder,zinder,goure,gour,94.37644399,
326,agadez,agadez,NER,Niger,2016,DTP3,NA,in WHO but not shpfile,NA,NA,agadez,NA,97.38356164,
327,agadez,tchiro,NER,Niger,2016,DTP3,NA,in WHO but not shpfile,NA,NA,tchiro,NA,92.57743363,
328,diffa,maine,NER,Niger,2016,DTP3,NA,in WHO but not shpfile,NA,NA,maine,NA,69.62195256,
329,dosso,doutchi,NER,Niger,2016,DTP3,NA,in WHO but not shpfile,NA,NA,doutchi,NA,99.95606456,
330,maradi,maradic,NER,Niger,2016,DTP3,NA,in WHO but not shpfile,NA,NA,maradic,NA,60.67492486,
331,tahoua,abalak,NER,Niger,2016,DTP3,NA,in WHO but not shpfile,NA,NA,abalak,NA,87.17009408,
332,tahoua,tchinta,NER,Niger,2016,DTP3,NA,in WHO but not shpfile,NA,NA,tchinta,NA,84.54848062,
333,zinder,zinder,NER,Niger,2016,DTP3,NA,in WHO but not shpfile,NA,NA,zinder,NA,98.92758964,
334,agadez,tchighozerine,NER,Niger,NA,NA,25604,in shpfile but not WHO,NA,Agadez,NA,tchighozerine,NA,
335,diffa,mansoroa,NER,Niger,NA,NA,25606,in shpfile but not WHO,NA,Diffa,NA,mansoroa,NA,
336,dosso,dogondoutchi,NER,Niger,NA,NA,25609,in shpfile but not WHO,NA,Dosso,NA,dogondoutchi,NA,
337,tahoua,tchintabarade,NER,Niger,NA,NA,25626,in shpfile but not WHO,NA,Tahoua,NA,tchintabarade,NA,
338,eastern,kailahun,SLE,Sierra Leone,2016,DTP3,35802,success,NA,NA,kailahun,NA,87.87755394,
339,eastern,kenema,SLE,Sierra Leone,2016,DTP3,35803,success,NA,NA,kenema,NA,94.52608945,
340,eastern,kono,SLE,Sierra Leone,2016,DTP3,35804,success,NA,NA,kono,NA,97.08766549,
341,northern,bombali,SLE,Sierra Leone,2016,DTP3,35805,success,NA,NA,bombali,NA,91.03429298,
342,northern,kambia,SLE,Sierra Leone,2016,DTP3,35806,success,NA,NA,kambia,NA,104.4481448,
343,northern,koinadugu,SLE,Sierra Leone,2016,DTP3,35807,success,NA,NA,koinadugu,NA,132.7239211,
344,northern,portloko,SLE,Sierra Leone,2016,DTP3,35808,success,NA,NA,portloko,NA,98.42064022,
345,northern,tonkolili,SLE,Sierra Leone,2016,DTP3,35809,success,NA,NA,tonkolili,NA,133.8497893,
346,southern,bo,SLE,Sierra Leone,2016,DTP3,35810,success,NA,NA,bo,NA,72.22502853,
347,southern,bonthe,SLE,Sierra Leone,2016,DTP3,35811,success,NA,NA,bonthe,NA,91.10528866,
348,southern,moyamba,SLE,Sierra Leone,2016,DTP3,35812,success,NA,NA,moyamba,NA,132.7818007,
349,southern,pujehun,SLE,Sierra Leone,2016,DTP3,35813,success,NA,NA,pujehun,NA,90.4151111,
350,western,westernrural,SLE,Sierra Leone,2016,DTP3,35814,success,NA,NA,westernrural,NA,157.849416,
351,western,westernurban,SLE,Sierra Leone,2016,DTP3,35815,success,NA,NA,westernurban,NA,76.44280254,
352,NA,NA,TZA,Tanzania,2016,NA,37847,fuzzy success,arusha,arusha,arushacc,arusha,108.4924459,slightly different
353,NA,NA,TZA,Tanzania,2016,NA,37847,fuzzy success,arusha,arusha,arushadc,arusha,91.56368971,slightly different
354,NA,NA,TZA,Tanzania,2016,NA,37848,fuzzy success,arusha,arusha,karatudc,karatu,89.518255,
355,NA,NA,TZA,Tanzania,2016,NA,37851,fuzzy success,arusha,arusha,longidodc,longido,114.7889853,
356,NA,NA,TZA,Tanzania,2016,NA,37852,fuzzy success,arusha,arusha,merudc,meru,82.15036988,
357,NA,NA,TZA,Tanzania,2016,NA,37853,fuzzy success,arusha,arusha,mondulidc,monduli,101.3489485,
358,NA,NA,TZA,Tanzania,2016,NA,37854,fuzzy success,arusha,arusha,ngorongorodc,ngorongoro,104.1024446,
359,NA,NA,TZA,Tanzania,2016,NA,37855,fuzzy success,daressalaam,daressalaam,ilalamc,ilala,81.35371804,
360,NA,NA,TZA,Tanzania,2016,NA,37856,fuzzy success,daressalaam,daressalaam,kinondonimc,kinondoni,62.39245534,
361,NA,NA,TZA,Tanzania,2016,NA,37857,fuzzy success,daressalaam,daressalaam,temekemc,temeke,89.48958516,
362,NA,NA,TZA,Tanzania,2016,NA,37858,fuzzy success,dodoma,dodoma,bahidc,bahi,95.68208456,
363,NA,NA,TZA,Tanzania,2016,NA,37859,fuzzy success,dodoma,dodoma,chamwinodc,chamwino,98.74336123,
364,NA,NA,TZA,Tanzania,2016,NA,37860,fuzzy success,dodoma,dodoma,chembadc,chemba,90.95404148,
365,NA,NA,TZA,Tanzania,2016,NA,37862,fuzzy success,dodoma,dodoma,kondoadc,kondoa,78.67162228,
366,NA,NA,TZA,Tanzania,2016,NA,37863,fuzzy success,dodoma,dodoma,kongwadc,kongwa,89.49825168,
367,NA,NA,TZA,Tanzania,2016,NA,37864,fuzzy success,dodoma,dodoma,mpwapwadc,mpwapwa,96.06275558,
368,NA,NA,TZA,Tanzania,2016,NA,37865,fuzzy success,geita,geita,bukombedc,bukombe,128.5504341,
369,NA,NA,TZA,Tanzania,2016,NA,37866,fuzzy success,geita,geita,chatodc,chato,103.4883022,
370,NA,NA,TZA,Tanzania,2016,NA,37867,fuzzy success,geita,geita,geitadc,geita,108.0026031,slightly different
371,NA,NA,TZA,Tanzania,2016,NA,37867,fuzzy success,geita,geita,geitatc,geita,88.16883564,slightly different
372,NA,NA,TZA,Tanzania,2016,NA,37868,fuzzy success,geita,geita,mbogwedc,mbogwe,108.8170886,
373,NA,NA,TZA,Tanzania,2016,NA,37872,fuzzy success,iringa,iringa,kilolodc,kilolo,91.41168594,
374,NA,NA,TZA,Tanzania,2016,NA,37874,fuzzy success,iringa,iringa,mufindidc,mufindi,85.67360044,
375,NA,NA,TZA,Tanzania,2016,NA,37875,fuzzy success,kagera,kagera,biharamulodc,biharamulo,120.5833554,
376,NA,NA,TZA,Tanzania,2016,NA,37878,fuzzy success,kagera,kagera,karagwedc,karagwe,91.37790799,
377,NA,NA,TZA,Tanzania,2016,NA,37879,fuzzy success,kagera,kagera,kyerwadc,kyerwa,99.32057261,
378,NA,NA,TZA,Tanzania,2016,NA,37881,fuzzy success,kagera,kagera,missenyidc,missenyi,92.86746383,
379,NA,NA,TZA,Tanzania,2016,NA,37882,fuzzy success,kagera,kagera,mulebadc,muleba,102.7494192,
380,NA,NA,TZA,Tanzania,2016,NA,37883,fuzzy success,kagera,kagera,ngaradc,ngara,108.8348866,
381,NA,NA,TZA,Tanzania,2016,NA,37886,fuzzy success,katavi,katavi,mleledc,mlele,130.7339191,
382,NA,NA,TZA,Tanzania,2016,NA,37888,fuzzy success,katavi,katavi,mpandadc,mpanda,125.4070759,slightly different
383,NA,NA,TZA,Tanzania,2016,NA,37888,fuzzy success,katavi,katavi,mpandatc,mpanda,118.214643,slightly different
384,NA,NA,TZA,Tanzania,2016,NA,37889,fuzzy success,kigoma,kigoma,buhigwedc,buhigwe,100.6606936,
385,NA,NA,TZA,Tanzania,2016,NA,37890,fuzzy success,kigoma,kigoma,kakonkodc,kakonko,100.7899642,
386,NA,NA,TZA,Tanzania,2016,NA,37892,fuzzy success,kigoma,kigoma,kasuludc,kasulu,120.3184128,slightly different
387,NA,NA,TZA,Tanzania,2016,NA,37892,fuzzy success,kigoma,kigoma,kasulutc,kasulu,87.39503622,slightly different
388,NA,NA,TZA,Tanzania,2016,NA,37893,fuzzy success,kigoma,kigoma,kibondodc,kibondo,101.3024807,
389,NA,NA,TZA,Tanzania,2016,NA,37897,fuzzy success,kigoma,kigoma,uvinzadc,uvinza,100.1059294,
390,NA,NA,TZA,Tanzania,2016,NA,37898,fuzzy success,kilimanjaro,kilimanjaro,haidc,hai,88.10872436,
391,NA,NA,TZA,Tanzania,2016,NA,37901,fuzzy success,kilimanjaro,kilimanjaro,mwangadc,mwanga,79.29582596,
392,NA,NA,TZA,Tanzania,2016,NA,37902,fuzzy success,kilimanjaro,kilimanjaro,rombodc,rombo,85.35425067,
393,NA,NA,TZA,Tanzania,2016,NA,37903,fuzzy success,kilimanjaro,kilimanjaro,samedc,same,79.14488316,
394,NA,NA,TZA,Tanzania,2016,NA,37904,fuzzy success,kilimanjaro,kilimanjaro,sihadc,siha,92.46186018,
395,NA,NA,TZA,Tanzania,2016,NA,37905,fuzzy success,lindi,lindi,kilwadc,kilwa,105.3539515,
396,NA,NA,TZA,Tanzania,2016,NA,37908,fuzzy success,lindi,lindi,liwaledc,liwale,94.93872523,
397,NA,NA,TZA,Tanzania,2016,NA,37909,fuzzy success,lindi,lindi,nachingweadc,nachingwea,95.84461451,
398,NA,NA,TZA,Tanzania,2016,NA,37910,fuzzy success,lindi,lindi,ruangwadc,ruangwa,92.10138917,
399,NA,NA,TZA,Tanzania,2016,NA,37912,fuzzy success,manyara,manyara,babatidc,babati,90.76208472,
400,NA,NA,TZA,Tanzania,2016,NA,37912,fuzzy success,manyara,manyara,babatitc,babati,89.92853165,
401,NA,NA,TZA,Tanzania,2016,NA,37913,fuzzy success,manyara,manyara,hanangdc,hanang,96.84044123,
402,NA,NA,TZA,Tanzania,2016,NA,37914,fuzzy success,manyara,manyara,kitetodc,kiteto,102.5617361,
403,NA,NA,TZA,Tanzania,2016,NA,37916,fuzzy success,manyara,manyara,mbuludc,mbulu,94.77846622,
404,NA,NA,TZA,Tanzania,2016,NA,37917,fuzzy success,manyara,manyara,simanjirodc,simanjiro,124.1217732,
405,NA,NA,TZA,Tanzania,2016,NA,37918,fuzzy success,mara,mara,bundadc,bunda,119.6017265,slightly different
406,NA,NA,TZA,Tanzania,2016,NA,37918,fuzzy success,mara,mara,bundatc,bunda,102.0138383,slightly different
407,NA,NA,TZA,Tanzania,2016,NA,37919,fuzzy success,mara,mara,butiamadc,butiama,89.24014568,
408,NA,NA,TZA,Tanzania,2016,NA,37923,fuzzy success,mara,mara,roryadc,rorya,108.9316368,
409,NA,NA,TZA,Tanzania,2016,NA,37924,fuzzy success,mara,mara,serengetidc,serengeti,114.416492,
410,NA,NA,TZA,Tanzania,2016,NA,37925,fuzzy success,mara,mara,tarimedc,tarime,123.6621737,
411,NA,NA,TZA,Tanzania,2016,NA,37925,fuzzy success,mara,mara,tarimetc,tarime,148.3347058,
412,NA,NA,TZA,Tanzania,2016,NA,37926,fuzzy success,mbeya,mbeya,chunyadc,chunya,126.4308333,
413,NA,NA,TZA,Tanzania,2016,NA,37927,fuzzy success,mbeya,mbeya,ilejedc,ileje,71.29897475,
414,NA,NA,TZA,Tanzania,2016,NA,37928,fuzzy success,mbeya,mbeya,kyeladc,kyela,89.24398422,
415,NA,NA,TZA,Tanzania,2016,NA,37930,fuzzy success,mbeya,mbeya,mbaralidc,mbarali,113.6429667,
416,NA,NA,TZA,Tanzania,2016,NA,37933,fuzzy success,mbeya,mbeya,mbozidc,mbozi,88.98575306,
417,NA,NA,TZA,Tanzania,2016,NA,37934,fuzzy success,mbeya,mbeya,mombadc,momba,88.75848651,
418,NA,NA,TZA,Tanzania,2016,NA,37935,fuzzy success,mbeya,mbeya,rungwedc,rungwe,88.69560361,
419,NA,NA,TZA,Tanzania,2016,NA,37936,fuzzy success,mbeya,mbeya,tundumatc,tunduma,153.2963872,
420,NA,NA,TZA,Tanzania,2016,NA,37937,fuzzy success,morogoro,morogoro,gairodc,gairo,112.9673243,
421,NA,NA,TZA,Tanzania,2016,NA,37938,fuzzy success,morogoro,morogoro,kilomberodc,kilombero,79.4809401,
422,NA,NA,TZA,Tanzania,2016,NA,37939,fuzzy success,morogoro,morogoro,kilosadc,kilosa,78.61220241,
423,NA,NA,TZA,Tanzania,2016,NA,37942,fuzzy success,morogoro,morogoro,mvomerodc,mvomero,83.98550749,
424,NA,NA,TZA,Tanzania,2016,NA,37943,fuzzy success,morogoro,morogoro,ulangadc,ulanga,102.4119377,
425,NA,NA,TZA,Tanzania,2016,NA,37945,fuzzy success,mtwara,mtwara,masasidc,masasi,97.0733285,slightly different
426,NA,NA,TZA,Tanzania,2016,NA,37945,fuzzy success,mtwara,mtwara,masasitc,masasi,95.03650069,slightly different
427,NA,NA,TZA,Tanzania,2016,NA,37948,fuzzy success,mtwara,mtwara,nanyumbudc,nanyumbu,97.02760577,
428,NA,NA,TZA,Tanzania,2016,NA,37949,fuzzy success,mtwara,mtwara,newaladc,newala,89.43490982,
429,NA,NA,TZA,Tanzania,2016,NA,37950,fuzzy success,mtwara,mtwara,tandahimbadc,tandahimba,92.39034653,
430,NA,NA,TZA,Tanzania,2016,NA,37951,fuzzy success,mwanza,mwanza,ilemelamc,ilemela,87.66103387,
431,NA,NA,TZA,Tanzania,2016,NA,37952,fuzzy success,mwanza,mwanza,kwimbadc,kwimba,89.56634998,
432,NA,NA,TZA,Tanzania,2016,NA,37954,fuzzy success,mwanza,mwanza,magudc,magu,100.3697395,
433,NA,NA,TZA,Tanzania,2016,NA,37955,fuzzy success,mwanza,mwanza,misungwidc,misungwi,96.45765424,
434,NA,NA,TZA,Tanzania,2016,NA,37956,fuzzy success,mwanza,mwanza,nyamaganamc,nyamagana,101.1220813,
435,NA,NA,TZA,Tanzania,2016,NA,37957,fuzzy success,mwanza,mwanza,sengeremadc,sengerema,83.91811848,
436,NA,NA,TZA,Tanzania,2016,NA,37958,fuzzy success,mwanza,mwanza,ukerewedc,ukerewe,88.30231428,
437,NA,NA,TZA,Tanzania,2016,NA,37959,fuzzy success,njombe,njombe,ludewadc,ludewa,88.89762759,
438,NA,NA,TZA,Tanzania,2016,NA,37961,fuzzy success,njombe,njombe,maketedc,makete,75.87610483,
439,NA,NA,TZA,Tanzania,2016,NA,37963,fuzzy success,njombe,njombe,njombedc,njombe,96.20824456,slightly different
440,NA,NA,TZA,Tanzania,2016,NA,37963,fuzzy success,njombe,njombe,njombetc,njombe,91.2948966,slightly different
441,NA,NA,TZA,Tanzania,2016,NA,37964,fuzzy success,njombe,njombe,wangingombedc,wangingombe,79.19038534,
442,NA,NA,TZA,Tanzania,2016,NA,37965,fuzzy success,northpemba,pembanorth,micheweni,micheweni,98.34363461,
443,NA,NA,TZA,Tanzania,2016,NA,37966,fuzzy success,northpemba,pembanorth,wete,wete,127.5386453,
444,NA,NA,TZA,Tanzania,2016,NA,37969,fuzzy success,pwani,pwani,bagamoyodc,bagamoyo,88.79182339,
445,NA,NA,TZA,Tanzania,2016,NA,37971,fuzzy success,pwani,pwani,kibahadc,kibaha,103.3470035,slightly different
446,NA,NA,TZA,Tanzania,2016,NA,37971,fuzzy success,pwani,pwani,kibahatc,kibaha,89.3065691,slightly different
447,NA,NA,TZA,Tanzania,2016,NA,37972,fuzzy success,pwani,pwani,kisarawedc,kisarawe,87.80000806,
448,NA,NA,TZA,Tanzania,2016,NA,37973,fuzzy success,pwani,pwani,mafiadc,mafia,79.11142707,
449,NA,NA,TZA,Tanzania,2016,NA,37974,fuzzy success,pwani,pwani,mkurangadc,mkuranga,91.0900116,
450,NA,NA,TZA,Tanzania,2016,NA,37975,fuzzy success,pwani,pwani,rufijidc,rufiji,93.87934208,
451,NA,NA,TZA,Tanzania,2016,NA,37976,fuzzy success,rukwa,rukwa,kalambodc,kalambo,116.9253349,
452,NA,NA,TZA,Tanzania,2016,NA,37979,fuzzy success,rukwa,rukwa,nkasidc,nkasi,132.0227027,
453,NA,NA,TZA,Tanzania,2016,NA,37982,fuzzy success,ruvuma,ruvuma,mbingadc,mbinga,91.09910727,
454,NA,NA,TZA,Tanzania,2016,NA,37983,fuzzy success,ruvuma,ruvuma,namtumbodc,namtumbo,101.1952996,
455,NA,NA,TZA,Tanzania,2016,NA,37984,fuzzy success,ruvuma,ruvuma,nyasadc,nyasa,97.24090695,
456,NA,NA,TZA,Tanzania,2016,NA,37987,fuzzy success,ruvuma,ruvuma,tundurudc,tunduru,92.46478081,
457,NA,NA,TZA,Tanzania,2016,NA,37989,fuzzy success,shinyanga,shinyanga,kahamatc,kahama,88.829422,
458,NA,NA,TZA,Tanzania,2016,NA,37990,fuzzy success,shinyanga,shinyanga,kishapudc,kishapu,96.70226574,
459,NA,NA,TZA,Tanzania,2016,NA,37993,fuzzy success,simiyu,simiyu,bariadidc,bariadi,118.8794255,slightly different
460,NA,NA,TZA,Tanzania,2016,NA,37993,fuzzy success,simiyu,simiyu,bariaditc,bariadi,89.44917321,slightly different
461,NA,NA,TZA,Tanzania,2016,NA,37994,fuzzy success,simiyu,simiyu,busegadc,busega,94.44309473,
462,NA,NA,TZA,Tanzania,2016,NA,37995,fuzzy success,simiyu,simiyu,itilimadc,itilima,104.7634959,
463,NA,NA,TZA,Tanzania,2016,NA,37998,fuzzy success,simiyu,simiyu,maswadc,maswa,94.01366115,
464,NA,NA,TZA,Tanzania,2016,NA,37999,fuzzy success,simiyu,simiyu,meatudc,meatu,91.95988178,
465,NA,NA,TZA,Tanzania,2016,NA,38000,fuzzy success,singida,singida,ikungidc,ikungi,110.1834178,
466,NA,NA,TZA,Tanzania,2016,NA,38001,fuzzy success,singida,singida,irambadc,iramba,103.531909,
467,NA,NA,TZA,Tanzania,2016,NA,38002,fuzzy success,singida,singida,manyonidc,manyoni,121.6923833,
468,NA,NA,TZA,Tanzania,2016,NA,38003,fuzzy success,singida,singida,mkalamadc,mkalama,89.44890499,
469,NA,NA,TZA,Tanzania,2016,NA,37968,fuzzy success,southpemba,pembasouth,mkoani,mkoani,99.36558008,
470,NA,NA,TZA,Tanzania,2016,NA,38006,fuzzy success,tabora,tabora,igungadc,igunga,108.7565303,
471,NA,NA,TZA,Tanzania,2016,NA,38007,fuzzy success,tabora,tabora,kaliuadc,kaliua,102.0323277,
472,NA,NA,TZA,Tanzania,2016,NA,38008,fuzzy success,tabora,tabora,nzegadc,nzega,100.875473,
473,NA,NA,TZA,Tanzania,2016,NA,38009,fuzzy success,tabora,tabora,sikongedc,sikonge,105.9940219,
474,NA,NA,TZA,Tanzania,2016,NA,38011,fuzzy success,tabora,tabora,urambodc,urambo,119.2113996,
475,NA,NA,TZA,Tanzania,2016,NA,38012,fuzzy success,tabora,tabora,uyuidc,uyui,99.64173436,
476,NA,NA,TZA,Tanzania,2016,NA,38014,fuzzy success,tanga,tanga,handenidc,handeni,102.5094867,
477,NA,NA,TZA,Tanzania,2016,NA,38015,fuzzy success,tanga,tanga,kilindidc,kilindi,139.1405582,
478,NA,NA,TZA,Tanzania,2016,NA,38017,fuzzy success,tanga,tanga,korogwedc,korogwe,95.8147943,slightly different
479,NA,NA,TZA,Tanzania,2016,NA,38017,fuzzy success,tanga,tanga,korogwetc,korogwe,79.45572138,slightly different
480,NA,NA,TZA,Tanzania,2016,NA,38018,fuzzy success,tanga,tanga,lushotodc,lushoto,91.57956243,
481,NA,NA,TZA,Tanzania,2016,NA,38019,fuzzy success,tanga,tanga,mkingadc,mkinga,98.92734289,
482,NA,NA,TZA,Tanzania,2016,NA,38020,fuzzy success,tanga,tanga,muhezadc,muheza,97.56831527,
483,NA,NA,TZA,Tanzania,2016,NA,38021,fuzzy success,tanga,tanga,panganidc,pangani,91.93310142,
484,NA,NA,TZA,Tanzania,2016,NA,38022,fuzzy success,tanga,tanga,tangacc,tanga,89.45167661,
485,NA,NA,TZA,Tanzania,2016,NA,37966,fuzzy success,urbanwest,pembanorth,west,wete,56.76378012,change
486,dodoma,dodomamc,TZA,Tanzania,2016,DTP3,NA,in WHO but not shpfile,NA,NA,dodomamc,NA,96.75891399,
487,geita,nyanghwaledc,TZA,Tanzania,2016,DTP3,NA,in WHO but not shpfile,NA,NA,nyanghwaledc,NA,100.0372648,
488,iringa,iringadc,TZA,Tanzania,2016,DTP3,NA,in WHO but not shpfile,NA,NA,iringadc,NA,92.22578406,
489,iringa,iringamc,TZA,Tanzania,2016,DTP3,NA,in WHO but not shpfile,NA,NA,iringamc,NA,97.43053913,
490,iringa,mafingatc,TZA,Tanzania,2016,DTP3,NA,in WHO but not shpfile,NA,NA,mafingatc,NA,155.4787755,
491,kagera,bukobadc,TZA,Tanzania,2016,DTP3,NA,in WHO but not shpfile,NA,NA,bukobadc,NA,93.21155548,
492,kagera,bukobamc,TZA,Tanzania,2016,DTP3,NA,in WHO but not shpfile,NA,NA,bukobamc,NA,89.59874511,
493,katavi,nsimbodc,TZA,Tanzania,2016,DTP3,NA,in WHO but not shpfile,NA,NA,nsimbodc,NA,113.8816953,
494,kigoma,kigomadc,TZA,Tanzania,2016,DTP3,NA,in WHO but not shpfile,NA,NA,kigomadc,NA,97.74283767,
495,kigoma,kigomamc,TZA,Tanzania,2016,DTP3,NA,in WHO but not shpfile,NA,NA,kigomamc,NA,85.34641266,
496,kilimanjaro,moshidc,TZA,Tanzania,2016,DTP3,NA,in WHO but not shpfile,NA,NA,moshidc,NA,87.99419403,
497,kilimanjaro,moshimc,TZA,Tanzania,2016,DTP3,NA,in WHO but not shpfile,NA,NA,moshimc,NA,85.4763031,
498,lindi,lindidc,TZA,Tanzania,2016,DTP3,NA,in WHO but not shpfile,NA,NA,lindidc,NA,92.57683158,
499,lindi,lindimc,TZA,Tanzania,2016,DTP3,NA,in WHO but not shpfile,NA,NA,lindimc,NA,123.8535523,
500,mara,musomadc,TZA,Tanzania,2016,DTP3,NA,in WHO but not shpfile,NA,NA,musomadc,NA,125.9943247,
501,mara,musomamc,TZA,Tanzania,2016,DTP3,NA,in WHO but not shpfile,NA,NA,musomamc,NA,173.8246322,
502,mbeya,busokelodc,TZA,Tanzania,2016,DTP3,NA,in WHO but not shpfile,NA,NA,busokelodc,NA,90.35241008,
503,mbeya,mbeyacc,TZA,Tanzania,2016,DTP3,NA,in WHO but not shpfile,NA,NA,mbeyacc,NA,91.02973938,
504,mbeya,mbeyadc,TZA,Tanzania,2016,DTP3,NA,in WHO but not shpfile,NA,NA,mbeyadc,NA,101.9538641,
505,morogoro,malinyidc,TZA,Tanzania,2016,DTP3,NA,in WHO but not shpfile,NA,NA,malinyidc,NA,101.4937639,
506,morogoro,morogorodc,TZA,Tanzania,2016,DTP3,NA,in WHO but not shpfile,NA,NA,morogorodc,NA,100.9291053,
507,morogoro,morogoromc,TZA,Tanzania,2016,DTP3,NA,in WHO but not shpfile,NA,NA,morogoromc,NA,91.01823568,
508,mtwara,mtwaradc,TZA,Tanzania,2016,DTP3,NA,in WHO but not shpfile,NA,NA,mtwaradc,NA,101.6596079,
509,mtwara,mtwaramc,TZA,Tanzania,2016,DTP3,NA,in WHO but not shpfile,NA,NA,mtwaramc,NA,99.20111895,
510,mtwara,nanyambadc,TZA,Tanzania,2016,DTP3,NA,in WHO but not shpfile,NA,NA,nanyambadc,NA,79.20554876,
511,mwanza,buchosa,TZA,Tanzania,2016,DTP3,NA,in WHO but not shpfile,NA,NA,buchosa,NA,85.65372825,
512,njombe,makambakotc,TZA,Tanzania,2016,DTP3,NA,in WHO but not shpfile,NA,NA,makambakotc,NA,118.2874322,
513,northunguja,northa,TZA,Tanzania,2016,DTP3,NA,in WHO but not shpfile,NA,NA,northa,NA,83.48727226,
514,northunguja,northb,TZA,Tanzania,2016,DTP3,NA,in WHO but not shpfile,NA,NA,northb,NA,70.507586,
515,rukwa,sumbawangadc,TZA,Tanzania,2016,DTP3,NA,in WHO but not shpfile,NA,NA,sumbawangadc,NA,117.0600772,
516,rukwa,sumbawangamc,TZA,Tanzania,2016,DTP3,NA,in WHO but not shpfile,NA,NA,sumbawangamc,NA,107.5284123,
517,ruvuma,songeadc,TZA,Tanzania,2016,DTP3,NA,in WHO but not shpfile,NA,NA,songeadc,NA,89.26185369,
518,ruvuma,songeamc,TZA,Tanzania,2016,DTP3,NA,in WHO but not shpfile,NA,NA,songeamc,NA,94.21787858,
519,shinyanga,msalaladc,TZA,Tanzania,2016,DTP3,NA,in WHO but not shpfile,NA,NA,msalaladc,NA,89.54950571,
520,shinyanga,shinyangadc,TZA,Tanzania,2016,DTP3,NA,in WHO but not shpfile,NA,NA,shinyangadc,NA,89.45963979,
521,shinyanga,shinyangamc,TZA,Tanzania,2016,DTP3,NA,in WHO but not shpfile,NA,NA,shinyangamc,NA,117.3121691,
522,shinyanga,ushetudc,TZA,Tanzania,2016,DTP3,NA,in WHO but not shpfile,NA,NA,ushetudc,NA,106.6239238,
523,singida,singidadc,TZA,Tanzania,2016,DTP3,NA,in WHO but not shpfile,NA,NA,singidadc,NA,93.21473241,
524,singida,singidamc,TZA,Tanzania,2016,DTP3,NA,in WHO but not shpfile,NA,NA,singidamc,NA,97.16295004,
525,southpemba,chakechake,TZA,Tanzania,2016,DTP3,NA,in WHO but not shpfile,NA,NA,chakechake,NA,131.8169713,
526,southunguja,central,TZA,Tanzania,2016,DTP3,NA,in WHO but not shpfile,NA,NA,central,NA,104.9051642,
527,southunguja,south,TZA,Tanzania,2016,DTP3,NA,in WHO but not shpfile,NA,NA,south,NA,72.8930831,
528,tabora,taboramc,TZA,Tanzania,2016,DTP3,NA,in WHO but not shpfile,NA,NA,taboramc,NA,94.68571544,
529,tanga,bumbulidc,TZA,Tanzania,2016,DTP3,NA,in WHO but not shpfile,NA,NA,bumbulidc,NA,93.13825369,
530,urbanwest,urban,TZA,Tanzania,2016,DTP3,NA,in WHO but not shpfile,NA,NA,urban,NA,83.0180943,
531,arusha,arushaurban,TZA,Tanzania,NA,NA,37846,in shpfile but not WHO,NA,Arusha,NA,arushaurban,NA,
532,arusha,lakeeyasi,TZA,Tanzania,NA,NA,37849,in shpfile but not WHO,NA,Arusha,NA,lakeeyasi,NA,
533,arusha,lakemanyara,TZA,Tanzania,NA,NA,37850,in shpfile but not WHO,NA,Arusha,NA,lakemanyara,NA,
534,dodoma,dodomaurban,TZA,Tanzania,NA,NA,37861,in shpfile but not WHO,NA,Dodoma,NA,dodomaurban,NA,
535,geita,nyangwale,TZA,Tanzania,NA,NA,37869,in shpfile but not WHO,NA,Geita,NA,nyangwale,NA,
536,iringa,iringarural,TZA,Tanzania,NA,NA,37870,in shpfile but not WHO,NA,Iringa,NA,iringarural,NA,
537,iringa,iringaurban,TZA,Tanzania,NA,NA,37871,in shpfile but not WHO,NA,Iringa,NA,iringaurban,NA,
538,iringa,mafingatownshipauthority,TZA,Tanzania,NA,NA,37873,in shpfile but not WHO,NA,Iringa,NA,mafingatownshipauthority,NA,
539,kagera,bukobarural,TZA,Tanzania,NA,NA,37876,in shpfile but not WHO,NA,Kagera,NA,bukobarural,NA,
540,kagera,bukobaurban,TZA,Tanzania,NA,NA,37877,in shpfile but not WHO,NA,Kagera,NA,bukobaurban,NA,
541,kagera,lakevictoria,TZA,Tanzania,NA,NA,37880,in shpfile but not WHO,NA,Kagera,NA,lakevictoria,NA,
542,katavi,lakerukwa,TZA,Tanzania,NA,NA,37884,in shpfile but not WHO,NA,Katavi,NA,lakerukwa,NA,
543,katavi,laketanganyika,TZA,Tanzania,NA,NA,37885,in shpfile but not WHO,NA,Katavi,NA,laketanganyika,NA,
544,katavi,mpandaurban,TZA,Tanzania,NA,NA,37887,in shpfile but not WHO,NA,Katavi,NA,mpandaurban,NA,
545,kigoma,kasulutownshipauthority,TZA,Tanzania,NA,NA,37891,in shpfile but not WHO,NA,Kigoma,NA,kasulutownshipauthority,NA,
546,kigoma,kigomarural,TZA,Tanzania,NA,NA,37894,in shpfile but not WHO,NA,Kigoma,NA,kigomarural,NA,
547,kigoma,kigomaurban,TZA,Tanzania,NA,NA,37895,in shpfile but not WHO,NA,Kigoma,NA,kigomaurban,NA,
548,kigoma,laketanganyika,TZA,Tanzania,NA,NA,37896,in shpfile but not WHO,NA,Kigoma,NA,laketanganyika,NA,
549,kilimanjaro,moshirural,TZA,Tanzania,NA,NA,37899,in shpfile but not WHO,NA,Kilimanjaro,NA,moshirural,NA,
550,kilimanjaro,moshiurban,TZA,Tanzania,NA,NA,37900,in shpfile but not WHO,NA,Kilimanjaro,NA,moshiurban,NA,
551,lindi,lindirural,TZA,Tanzania,NA,NA,37906,in shpfile but not WHO,NA,Lindi,NA,lindirural,NA,
552,lindi,lindiurban,TZA,Tanzania,NA,NA,37907,in shpfile but not WHO,NA,Lindi,NA,lindiurban,NA,
553,manyara,babatiurban,TZA,Tanzania,NA,NA,37911,in shpfile but not WHO,NA,Manyara,NA,babatiurban,NA,
554,manyara,lakemanyara,TZA,Tanzania,NA,NA,37915,in shpfile but not WHO,NA,Manyara,NA,lakemanyara,NA,
555,mara,lakevictoria,TZA,Tanzania,NA,NA,37920,in shpfile but not WHO,NA,Mara,NA,lakevictoria,NA,
556,mara,musomarural,TZA,Tanzania,NA,NA,37921,in shpfile but not WHO,NA,Mara,NA,musomarural,NA,
557,mara,musomaurban,TZA,Tanzania,NA,NA,37922,in shpfile but not WHO,NA,Mara,NA,musomaurban,NA,
558,mbeya,lakerukwa,TZA,Tanzania,NA,NA,37929,in shpfile but not WHO,NA,Mbeya,NA,lakerukwa,NA,
559,mbeya,mbeyarural,TZA,Tanzania,NA,NA,37931,in shpfile but not WHO,NA,Mbeya,NA,mbeyarural,NA,
560,mbeya,mbeyaurban,TZA,Tanzania,NA,NA,37932,in shpfile but not WHO,NA,Mbeya,NA,mbeyaurban,NA,
561,morogoro,morogororural,TZA,Tanzania,NA,NA,37940,in shpfile but not WHO,NA,Morogoro,NA,morogororural,NA,
562,morogoro,morogorourban,TZA,Tanzania,NA,NA,37941,in shpfile but not WHO,NA,Morogoro,NA,morogorourban,NA,
563,mtwara,masasitownshipauthority,TZA,Tanzania,NA,NA,37944,in shpfile but not WHO,NA,Mtwara,NA,masasitownshipauthority,NA,
564,mtwara,mtwararural,TZA,Tanzania,NA,NA,37946,in shpfile but not WHO,NA,Mtwara,NA,mtwararural,NA,
565,mtwara,mtwaraurban,TZA,Tanzania,NA,NA,37947,in shpfile but not WHO,NA,Mtwara,NA,mtwaraurban,NA,
566,mwanza,lakevictoria,TZA,Tanzania,NA,NA,37953,in shpfile but not WHO,NA,Mwanza,NA,lakevictoria,NA,
567,njombe,makambakotownshipauthority,TZA,Tanzania,NA,NA,37960,in shpfile but not WHO,NA,Njombe,NA,makambakotownshipauthority,NA,
568,njombe,njombeurban,TZA,Tanzania,NA,NA,37962,in shpfile but not WHO,NA,Njombe,NA,njombeurban,NA,
569,pembasouth,chake,TZA,Tanzania,NA,NA,37967,in shpfile but not WHO,NA,Pemba South,NA,chake,NA,
570,pwani,kibahaurban,TZA,Tanzania,NA,NA,37970,in shpfile but not WHO,NA,Pwani,NA,kibahaurban,NA,
571,rukwa,lakerukwa,TZA,Tanzania,NA,NA,37977,in shpfile but not WHO,NA,Rukwa,NA,lakerukwa,NA,
572,rukwa,laketanganyika,TZA,Tanzania,NA,NA,37978,in shpfile but not WHO,NA,Rukwa,NA,laketanganyika,NA,
573,rukwa,sumbawangarural,TZA,Tanzania,NA,NA,37980,in shpfile but not WHO,NA,Rukwa,NA,sumbawangarural,NA,
574,rukwa,sumbawangaurban,TZA,Tanzania,NA,NA,37981,in shpfile but not WHO,NA,Rukwa,NA,sumbawangaurban,NA,
575,ruvuma,songearural,TZA,Tanzania,NA,NA,37985,in shpfile but not WHO,NA,Ruvuma,NA,songearural,NA,
576,ruvuma,songeaurban,TZA,Tanzania,NA,NA,37986,in shpfile but not WHO,NA,Ruvuma,NA,songeaurban,NA,
577,shinyanga,kahamatownshipauthority,TZA,Tanzania,NA,NA,37988,in shpfile but not WHO,NA,Shinyanga,NA,kahamatownshipauthority,NA,
578,shinyanga,shinyangarural,TZA,Tanzania,NA,NA,37991,in shpfile but not WHO,NA,Shinyanga,NA,shinyangarural,NA,
579,shinyanga,shinyangaurban,TZA,Tanzania,NA,NA,37992,in shpfile but not WHO,NA,Shinyanga,NA,shinyangaurban,NA,
580,simiyu,lakeeyasi,TZA,Tanzania,NA,NA,37996,in shpfile but not WHO,NA,Simiyu,NA,lakeeyasi,NA,
581,simiyu,lakevictoria,TZA,Tanzania,NA,NA,37997,in shpfile but not WHO,NA,Simiyu,NA,lakevictoria,NA,
582,singida,singidarural,TZA,Tanzania,NA,NA,38004,in shpfile but not WHO,NA,Singida,NA,singidarural,NA,
583,singida,singidaurban,TZA,Tanzania,NA,NA,38005,in shpfile but not WHO,NA,Singida,NA,singidaurban,NA,
584,tabora,taboraurban,TZA,Tanzania,NA,NA,38010,in shpfile but not WHO,NA,Tabora,NA,taboraurban,NA,
585,tanga,handenitownshipauthority,TZA,Tanzania,NA,NA,38013,in shpfile but not WHO,NA,Tanga,NA,handenitownshipauthority,NA,
586,tanga,korogwetownshipauthority,TZA,Tanzania,NA,NA,38016,in shpfile but not WHO,NA,Tanga,NA,korogwetownshipauthority,NA,
587,zanzibarnorth,kaskazinia,TZA,Tanzania,NA,NA,38023,in shpfile but not WHO,NA,Zanzibar North,NA,kaskazinia,NA,
588,zanzibarnorth,kaskazinib,TZA,Tanzania,NA,NA,38024,in shpfile but not WHO,NA,Zanzibar North,NA,kaskazinib,NA,
589,zanzibarsouthandcentral,kati,TZA,Tanzania,NA,NA,38025,in shpfile but not WHO,NA,Zanzibar South and Central,NA,kati,NA,
590,zanzibarsouthandcentral,kusini,TZA,Tanzania,NA,NA,38026,in shpfile but not WHO,NA,Zanzibar South and Central,NA,kusini,NA,
591,zanzibarwest,magharibi,TZA,Tanzania,NA,NA,38027,in shpfile but not WHO,NA,Zanzibar West,NA,magharibi,NA,
592,zanzibarwest,mjini,TZA,Tanzania,NA,NA,38028,in shpfile but not WHO,NA,Zanzibar West,NA,mjini,NA,
593,gauteng,ekurhuleni,ZAF,South Africa,2016,DTP3,36359,success,NA,NA,ekurhuleni,NA,115.9049598,
594,gauteng,ekurhuleni,ZAF,South Africa,2016,DTP3,36359,success,NA,NA,ekurhuleni,NA,101.0324425,
595,gauteng,ekurhuleni,ZAF,South Africa,2016,DTP3,36359,success,NA,NA,ekurhuleni,NA,123.5058824,
596,gauteng,ekurhuleni,ZAF,South Africa,2016,DTP3,36359,success,NA,NA,ekurhuleni,NA,65.11382114,
597,gauteng,ekurhuleni,ZAF,South Africa,2016,DTP3,36359,success,NA,NA,ekurhuleni,NA,117.3025879,
598,kwazulunatal,ilembe,ZAF,South Africa,2016,DTP3,36364,success,NA,NA,ilembe,NA,67.69498497,
599,kwazulunatal,ilembe,ZAF,South Africa,2016,DTP3,36364,success,NA,NA,ilembe,NA,97.2463293,
600,kwazulunatal,ilembe,ZAF,South Africa,2016,DTP3,36364,success,NA,NA,ilembe,NA,71.35911091,
601,kwazulunatal,ilembe,ZAF,South Africa,2016,DTP3,36364,success,NA,NA,ilembe,NA,84.98334847,
602,kwazulunatal,ilembe,ZAF,South Africa,2016,DTP3,36364,success,NA,NA,ilembe,NA,78.66839043,
603,kwazulunatal,ilembe,ZAF,South Africa,2016,DTP3,36364,success,NA,NA,ilembe,NA,77.41356622,
604,kwazulunatal,ilembe,ZAF,South Africa,2016,DTP3,36364,success,NA,NA,ilembe,NA,62.74976213,
605,kwazulunatal,ilembe,ZAF,South Africa,2016,DTP3,36364,success,NA,NA,ilembe,NA,79.59583202,
606,kwazulunatal,ilembe,ZAF,South Africa,2016,DTP3,36364,success,NA,NA,ilembe,NA,96.34408602,
607,kwazulunatal,ilembe,ZAF,South Africa,2016,DTP3,36364,success,NA,NA,ilembe,NA,84.23555917,
608,kwazulunatal,ilembe,ZAF,South Africa,2016,DTP3,36364,success,NA,NA,ilembe,NA,78.02100717,
609,westerncape,westcoast,ZAF,South Africa,2016,DTP3,36395,success,NA,NA,westcoast,NA,71.06576948,
610,westerncape,westcoast,ZAF,South Africa,2016,DTP3,36395,success,NA,NA,westcoast,NA,85.341597,
611,NA,NA,ZAF,South Africa,2016,NA,36362,fuzzy need fix,easterncape,kwazulunatal,amajuba,amajuba,76.32361689,
612,NA,NA,ZAF,South Africa,2016,NA,36362,fuzzy need fix,easterncape,kwazulunatal,amajuba,amajuba,82.61866837,
613,NA,NA,ZAF,South Africa,2016,NA,36362,fuzzy need fix,easterncape,kwazulunatal,amajuba,amajuba,81.69602186,
614,NA,NA,ZAF,South Africa,2016,NA,36362,fuzzy need fix,easterncape,kwazulunatal,amajuba,amajuba,67.71353097,
615,NA,NA,ZAF,South Africa,2016,NA,36362,fuzzy need fix,easterncape,kwazulunatal,amajuba,amajuba,71.09165372,
616,NA,NA,ZAF,South Africa,2016,NA,36362,fuzzy need fix,easterncape,kwazulunatal,amajuba,amajuba,77.41244511,
617,NA,NA,ZAF,South Africa,2016,NA,36362,fuzzy need fix,easterncape,kwazulunatal,amajuba,amajuba,79.88867158,
618,NA,NA,ZAF,South Africa,2016,NA,36362,fuzzy need fix,easterncape,kwazulunatal,amajuba,amajuba,78.50070721,
619,NA,NA,ZAF,South Africa,2016,NA,36373,fuzzy need fix,freestate,limpopo,capricorn,capricorn,75.17880174,
620,NA,NA,ZAF,South Africa,2016,NA,36373,fuzzy need fix,freestate,limpopo,capricorn,capricorn,136.6068803,
621,NA,NA,ZAF,South Africa,2016,NA,36373,fuzzy need fix,freestate,limpopo,capricorn,capricorn,77.67293366,
622,NA,NA,ZAF,South Africa,2016,NA,36373,fuzzy need fix,freestate,limpopo,capricorn,capricorn,90.06227524,
623,NA,NA,ZAF,South Africa,2016,NA,36373,fuzzy need fix,freestate,limpopo,capricorn,capricorn,134.997064,
624,NA,NA,ZAF,South Africa,2016,NA,36384,fuzzy need fix,limpopo,northwest,ngakamodirimolema,ngakamodirimolema,69.27857622,
625,NA,NA,ZAF,South Africa,2016,NA,36384,fuzzy need fix,limpopo,northwest,ngakamodirimolema,ngakamodirimolema,77.79184727,
626,NA,NA,ZAF,South Africa,2016,NA,36384,fuzzy need fix,limpopo,northwest,ngakamodirimolema,ngakamodirimolema,70.82584903,
627,NA,NA,ZAF,South Africa,2016,NA,36384,fuzzy need fix,limpopo,northwest,ngakamodirimolema,ngakamodirimolema,71.86164941,
628,NA,NA,ZAF,South Africa,2016,NA,36384,fuzzy need fix,limpopo,northwest,ngakamodirimolema,ngakamodirimolema,64.80456491,
629,NA,NA,ZAF,South Africa,2016,NA,36383,fuzzy need fix,mpumalanga,northwest,ruthsegomotsimompati,drruthsegomotsimompati,86.19210526,
630,NA,NA,ZAF,South Africa,2016,NA,36383,fuzzy need fix,mpumalanga,northwest,ruthsegomotsimompati,drruthsegomotsimompati,58.79614593,
631,NA,NA,ZAF,South Africa,2016,NA,36383,fuzzy need fix,mpumalanga,northwest,ruthsegomotsimompati,drruthsegomotsimompati,75.53191489,
632,NA,NA,ZAF,South Africa,2016,NA,36367,fuzzy need fix,northerncape,kwazulunatal,umgungundlovu,umgungundlovu,65.15957447,
633,NA,NA,ZAF,South Africa,2016,NA,36367,fuzzy need fix,northerncape,kwazulunatal,umgungundlovu,umgungundlovu,96.94143976,
634,NA,NA,ZAF,South Africa,2016,NA,36367,fuzzy need fix,northerncape,kwazulunatal,umgungundlovu,umgungundlovu,65.25735294,
635,NA,NA,ZAF,South Africa,2016,NA,36367,fuzzy need fix,northerncape,kwazulunatal,umgungundlovu,umgungundlovu,61.71706263,
636,NA,NA,ZAF,South Africa,2016,NA,36367,fuzzy need fix,northerncape,kwazulunatal,umgungundlovu,umgungundlovu,68.00680706,
637,NA,NA,ZAF,South Africa,2016,NA,36375,fuzzy need fix,northwest,limpopo,sekhukhune,sekhukhune,68.56400061,
638,NA,NA,ZAF,South Africa,2016,NA,36375,fuzzy need fix,northwest,limpopo,sekhukhune,sekhukhune,85.86153721,
639,NA,NA,ZAF,South Africa,2016,NA,36375,fuzzy need fix,northwest,limpopo,sekhukhune,sekhukhune,91.97404372,
640,NA,NA,ZAF,South Africa,2016,NA,36375,fuzzy need fix,northwest,limpopo,sekhukhune,sekhukhune,88.87127143,
641,NA,NA,ZAF,South Africa,2016,NA,36377,fuzzy need fix,westerncape,limpopo,waterberg,waterberg,90.12904577,
642,NA,NA,ZAF,South Africa,2016,NA,36377,fuzzy need fix,westerncape,limpopo,waterberg,waterberg,53.1585138,
643,NA,NA,ZAF,South Africa,2016,NA,36377,fuzzy need fix,westerncape,limpopo,waterberg,waterberg,74.27144047,
644,NA,NA,ZAF,South Africa,2016,NA,36377,fuzzy need fix,westerncape,limpopo,waterberg,waterberg,83.97114178,
645,easterncape,alfrednzo,ZAF,South Africa,NA,NA,36344,in shpfile but not WHO,NA,Eastern Cape,NA,alfrednzo,NA,
646,easterncape,amathole,ZAF,South Africa,NA,NA,36345,in shpfile but not WHO,NA,Eastern Cape,NA,amathole,NA,
647,easterncape,buffalocity,ZAF,South Africa,NA,NA,36346,in shpfile but not WHO,NA,Eastern Cape,NA,buffalocity,NA,
648,easterncape,cacadu,ZAF,South Africa,NA,NA,36347,in shpfile but not WHO,NA,Eastern Cape,NA,cacadu,NA,
649,easterncape,chrishani,ZAF,South Africa,NA,NA,36348,in shpfile but not WHO,NA,Eastern Cape,NA,chrishani,NA,
650,easterncape,joegqabi,ZAF,South Africa,NA,NA,36349,in shpfile but not WHO,NA,Eastern Cape,NA,joegqabi,NA,
651,easterncape,nelsonmandelabay,ZAF,South Africa,NA,NA,36350,in shpfile but not WHO,NA,Eastern Cape,NA,nelsonmandelabay,NA,
652,easterncape,ortambo,ZAF,South Africa,NA,NA,36351,in shpfile but not WHO,NA,Eastern Cape,NA,ortambo,NA,
653,freestate,feziledabi,ZAF,South Africa,NA,NA,36352,in shpfile but not WHO,NA,Free State,NA,feziledabi,NA,
654,freestate,lejweleputswa,ZAF,South Africa,NA,NA,36353,in shpfile but not WHO,NA,Free State,NA,lejweleputswa,NA,
655,freestate,mangaung,ZAF,South Africa,NA,NA,36354,in shpfile but not WHO,NA,Free State,NA,mangaung,NA,
656,freestate,thabomofutsanyane,ZAF,South Africa,NA,NA,36355,in shpfile but not WHO,NA,Free State,NA,thabomofutsanyane,NA,
657,freestate,xhariep,ZAF,South Africa,NA,NA,36356,in shpfile but not WHO,NA,Free State,NA,xhariep,NA,
658,gauteng,cityofjohannesburg,ZAF,South Africa,NA,NA,36357,in shpfile but not WHO,NA,Gauteng,NA,cityofjohannesburg,NA,
659,gauteng,cityoftshwane,ZAF,South Africa,NA,NA,36358,in shpfile but not WHO,NA,Gauteng,NA,cityoftshwane,NA,
660,gauteng,sedibeng,ZAF,South Africa,NA,NA,36360,in shpfile but not WHO,NA,Gauteng,NA,sedibeng,NA,
661,gauteng,westrand,ZAF,South Africa,NA,NA,36361,in shpfile but not WHO,NA,Gauteng,NA,westrand,NA,
662,kwazulunatal,ethekwini,ZAF,South Africa,NA,NA,36363,in shpfile but not WHO,NA,KwaZulu-Natal,NA,ethekwini,NA,
663,kwazulunatal,sisonke,ZAF,South Africa,NA,NA,36365,in shpfile but not WHO,NA,KwaZulu-Natal,NA,sisonke,NA,
664,kwazulunatal,ugu,ZAF,South Africa,NA,NA,36366,in shpfile but not WHO,NA,KwaZulu-Natal,NA,ugu,NA,
665,kwazulunatal,umkhanyakude,ZAF,South Africa,NA,NA,36368,in shpfile but not WHO,NA,KwaZulu-Natal,NA,umkhanyakude,NA,
666,kwazulunatal,umzinyathi,ZAF,South Africa,NA,NA,36369,in shpfile but not WHO,NA,KwaZulu-Natal,NA,umzinyathi,NA,
667,kwazulunatal,uthukela,ZAF,South Africa,NA,NA,36370,in shpfile but not WHO,NA,KwaZulu-Natal,NA,uthukela,NA,
668,kwazulunatal,uthungulu,ZAF,South Africa,NA,NA,36371,in shpfile but not WHO,NA,KwaZulu-Natal,NA,uthungulu,NA,
669,kwazulunatal,zululand,ZAF,South Africa,NA,NA,36372,in shpfile but not WHO,NA,KwaZulu-Natal,NA,zululand,NA,
670,limpopo,mopani,ZAF,South Africa,NA,NA,36374,in shpfile but not WHO,NA,Limpopo,NA,mopani,NA,
671,limpopo,vhembe,ZAF,South Africa,NA,NA,36376,in shpfile but not WHO,NA,Limpopo,NA,vhembe,NA,
672,mpumalanga,ehlanzeni,ZAF,South Africa,NA,NA,36378,in shpfile but not WHO,NA,Mpumalanga,NA,ehlanzeni,NA,
673,mpumalanga,gertsibande,ZAF,South Africa,NA,NA,36379,in shpfile but not WHO,NA,Mpumalanga,NA,gertsibande,NA,
674,mpumalanga,nkangala,ZAF,South Africa,NA,NA,36380,in shpfile but not WHO,NA,Mpumalanga,NA,nkangala,NA,
675,northerncape,francesbaard,ZAF,South Africa,NA,NA,36385,in shpfile but not WHO,NA,Northern Cape,NA,francesbaard,NA,
676,northerncape,johntaologaetsewe,ZAF,South Africa,NA,NA,36386,in shpfile but not WHO,NA,Northern Cape,NA,johntaologaetsewe,NA,
677,northerncape,namakwa,ZAF,South Africa,NA,NA,36387,in shpfile but not WHO,NA,Northern Cape,NA,namakwa,NA,
678,northerncape,pixleykaseme,ZAF,South Africa,NA,NA,36388,in shpfile but not WHO,NA,Northern Cape,NA,pixleykaseme,NA,
679,northerncape,siyanda,ZAF,South Africa,NA,NA,36389,in shpfile but not WHO,NA,Northern Cape,NA,siyanda,NA,
680,northwest,bojanala,ZAF,South Africa,NA,NA,36381,in shpfile but not WHO,NA,North West,NA,bojanala,NA,
681,northwest,drkennethkaunda,ZAF,South Africa,NA,NA,36382,in shpfile but not WHO,NA,North West,NA,drkennethkaunda,NA,
682,westerncape,capewinelands,ZAF,South Africa,NA,NA,36390,in shpfile but not WHO,NA,Western Cape,NA,capewinelands,NA,
683,westerncape,centralkaroo,ZAF,South Africa,NA,NA,36391,in shpfile but not WHO,NA,Western Cape,NA,centralkaroo,NA,
684,westerncape,cityofcapetown,ZAF,South Africa,NA,NA,36392,in shpfile but not WHO,NA,Western Cape,NA,cityofcapetown,NA,
685,westerncape,eden,ZAF,South Africa,NA,NA,36393,in shpfile but not WHO,NA,Western Cape,NA,eden,NA,
686,westerncape,overberg,ZAF,South Africa,NA,NA,36394,in shpfile but not WHO,NA,Western Cape,NA,overberg,NA,
