"","NAME.who","NAME.shpfile","NAME.who_adm1","vaccine","iso3","who_coverage","merge_status","GAUL_CODE"
"1","bubanza","bubanza","bubanza","BCG","BDI",80.18249989,"success",101
"2","bubanza","bubanza","bubanza","DTP1","BDI",94.91756701,"success",101
"3","bubanza","bubanza","bubanza","DTP3","BDI",91.86420102,"success",101
"4","bubanza","bubanza","bubanza","DTP4","BDI",62.1008287,"success",101
"5","bubanza","bubanza","bubanza","HepB_BD","BDI",-4444,"success",101
"6","bubanza","bubanza","bubanza","HepB_BDall","BDI",-4444,"success",101
"7","bubanza","bubanza","bubanza","HepB3","BDI",91.86420102,"success",101
"8","bubanza","bubanza","bubanza","Hib3","BDI",91.86420102,"success",101
"9","bubanza","bubanza","bubanza","IPV1","BDI",-2222,"success",101
"10","bubanza","bubanza","bubanza","MCV1","BDI",100.6426283,"success",101
"11","bubanza","bubanza","bubanza","MCV2","BDI",70.14918267,"success",101
"12","bubanza","bubanza","bubanza","MenA","BDI",-4444,"success",101
"13","bubanza","bubanza","bubanza","PAB_DTP1","BDI",-4444,"success",101
"14","bubanza","bubanza","bubanza","PCV1","BDI",94.91756701,"success",101
"15","bubanza","bubanza","bubanza","PCV2","BDI",95.03601656,"success",101
"16","bubanza","bubanza","bubanza","PCV3","BDI",91.86420102,"success",101
"17","bubanza","bubanza","bubanza","Pol3","BDI",91.86420102,"success",101
"18","bubanza","bubanza","bubanza","RCV1","BDI",-4444,"success",101
"19","bubanza","bubanza","bubanza","Rota1","BDI",94.91756701,"success",101
"20","bubanza","bubanza","bubanza","RotaC","BDI",95.0228555,"success",101
"21","bubanza","bubanza","bubanza","TT2plus","BDI",82.06077133,"success",101
"22","bubanza","bubanza","bubanza","VAD1","BDI",-4444,"success",101
"23","bubanza","bubanza","bubanza","YFV","BDI",-2222,"success",101
"24","bugarama","bugarama","rumonge","BCG","BDI",86.43283785,"success",1802
"25","bugarama","bugarama","rumonge","DTP1","BDI",100.3258603,"success",1802
"26","bugarama","bugarama","rumonge","DTP3","BDI",96.07077169,"success",1802
"27","bugarama","bugarama","rumonge","DTP4","BDI",51.43528506,"success",1802
"28","bugarama","bugarama","rumonge","HepB_BD","BDI",-4444,"success",1802
"29","bugarama","bugarama","rumonge","HepB_BDall","BDI",-4444,"success",1802
"30","bugarama","bugarama","rumonge","HepB3","BDI",96.07077169,"success",1802
"31","bugarama","bugarama","rumonge","Hib3","BDI",96.07077169,"success",1802
"32","bugarama","bugarama","rumonge","IPV1","BDI",-2222,"success",1802
"33","bugarama","bugarama","rumonge","MCV1","BDI",84.11529788,"success",1802
"34","bugarama","bugarama","rumonge","MCV2","BDI",58.72913837,"success",1802
"35","bugarama","bugarama","rumonge","MenA","BDI",-4444,"success",1802
"36","bugarama","bugarama","rumonge","PAB_DTP1","BDI",-4444,"success",1802
"37","bugarama","bugarama","rumonge","PCV1","BDI",100.3111368,"success",1802
"38","bugarama","bugarama","rumonge","PCV2","BDI",97.79342001,"success",1802
"39","bugarama","bugarama","rumonge","PCV3","BDI",96.21800659,"success",1802
"40","bugarama","bugarama","rumonge","Pol3","BDI",96.07077169,"success",1802
"41","bugarama","bugarama","rumonge","RCV1","BDI",-4444,"success",1802
"42","bugarama","bugarama","rumonge","Rota1","BDI",100.5025422,"success",1802
"43","bugarama","bugarama","rumonge","RotaC","BDI",98.42653008,"success",1802
"44","bugarama","bugarama","rumonge","TT2plus","BDI",93.71322728,"success",1802
"45","bugarama","bugarama","rumonge","VAD1","BDI",-4444,"success",1802
"46","bugarama","bugarama","rumonge","YFV","BDI",-2222,"success",1802
"47","buhiga","buhiga","karuzi","BCG","BDI",74.41757024,"success",801
"48","buhiga","buhiga","karuzi","DTP1","BDI",95.33193193,"success",801
"49","buhiga","buhiga","karuzi","DTP3","BDI",91.88074626,"success",801
"50","buhiga","buhiga","karuzi","DTP4","BDI",79.76990293,"success",801
"51","buhiga","buhiga","karuzi","HepB_BD","BDI",-4444,"success",801
"52","buhiga","buhiga","karuzi","HepB_BDall","BDI",-4444,"success",801
"53","buhiga","buhiga","karuzi","HepB3","BDI",91.88074626,"success",801
"54","buhiga","buhiga","karuzi","Hib3","BDI",91.88074626,"success",801
"55","buhiga","buhiga","karuzi","IPV1","BDI",-2222,"success",801
"56","buhiga","buhiga","karuzi","MCV1","BDI",87.02456971,"success",801
"57","buhiga","buhiga","karuzi","MCV2","BDI",62.66458418,"success",801
"58","buhiga","buhiga","karuzi","MenA","BDI",-4444,"success",801
"59","buhiga","buhiga","karuzi","PAB_DTP1","BDI",-4444,"success",801
"60","buhiga","buhiga","karuzi","PCV1","BDI",95.33193193,"success",801
"61","buhiga","buhiga","karuzi","PCV2","BDI",94.04009467,"success",801
"62","buhiga","buhiga","karuzi","PCV3","BDI",91.88074626,"success",801
"63","buhiga","buhiga","karuzi","Pol3","BDI",91.88074626,"success",801
"64","buhiga","buhiga","karuzi","RCV1","BDI",-4444,"success",801
"65","buhiga","buhiga","karuzi","Rota1","BDI",95.29421405,"success",801
"66","buhiga","buhiga","karuzi","RotaC","BDI",93.52147387,"success",801
"67","buhiga","buhiga","karuzi","TT2plus","BDI",91.49396413,"success",801
"68","buhiga","buhiga","karuzi","VAD1","BDI",-4444,"success",801
"69","buhiga","buhiga","karuzi","YFV","BDI",-2222,"success",801
"70","bururi","bururi","bururi","BCG","BDI",78.57691444,"success",401
"71","bururi","bururi","bururi","DTP1","BDI",87.09631484,"success",401
"72","bururi","bururi","bururi","DTP3","BDI",76.30562097,"success",401
"73","bururi","bururi","bururi","DTP4","BDI",65.82965567,"success",401
"74","bururi","bururi","bururi","HepB_BD","BDI",-4444,"success",401
"75","bururi","bururi","bururi","HepB_BDall","BDI",-4444,"success",401
"76","bururi","bururi","bururi","HepB3","BDI",76.30562097,"success",401
"77","bururi","bururi","bururi","Hib3","BDI",76.30562097,"success",401
"78","bururi","bururi","bururi","IPV1","BDI",4.759466762,"success",401
"79","bururi","bururi","bururi","MCV1","BDI",82.27904079,"success",401
"80","bururi","bururi","bururi","MCV2","BDI",67.96852534,"success",401
"81","bururi","bururi","bururi","MenA","BDI",-4444,"success",401
"82","bururi","bururi","bururi","PAB_DTP1","BDI",-4444,"success",401
"83","bururi","bururi","bururi","PCV1","BDI",87.09631484,"success",401
"84","bururi","bururi","bururi","PCV2","BDI",80.60262942,"success",401
"85","bururi","bururi","bururi","PCV3","BDI",76.30562097,"success",401
"86","bururi","bururi","bururi","Pol3","BDI",76.1321991,"success",401
"87","bururi","bururi","bururi","RCV1","BDI",-4444,"success",401
"88","bururi","bururi","bururi","Rota1","BDI",87.01923846,"success",401
"89","bururi","bururi","bururi","RotaC","BDI",80.40993846,"success",401
"90","bururi","bururi","bururi","TT2plus","BDI",130.186796,"success",401
"91","bururi","bururi","bururi","VAD1","BDI",-4444,"success",401
"92","bururi","bururi","bururi","YFV","BDI",-2222,"success",401
"93","busoni","busoni","kirundo","BCG","BDI",60.33407468,"success",1004
"94","busoni","busoni","kirundo","DTP1","BDI",79.89836903,"success",1004
"95","busoni","busoni","kirundo","DTP3","BDI",80.16860027,"success",1004
"96","busoni","busoni","kirundo","DTP4","BDI",56.04128786,"success",1004
"97","busoni","busoni","kirundo","HepB_BD","BDI",-4444,"success",1004
"98","busoni","busoni","kirundo","HepB_BDall","BDI",-4444,"success",1004
"99","busoni","busoni","kirundo","HepB3","BDI",80.16860027,"success",1004
"100","busoni","busoni","kirundo","Hib3","BDI",80.16860027,"success",1004
"101","busoni","busoni","kirundo","IPV1","BDI",-2222,"success",1004
"102","busoni","busoni","kirundo","MCV1","BDI",79.50803503,"success",1004
"103","busoni","busoni","kirundo","MCV2","BDI",57.41454629,"success",1004
"104","busoni","busoni","kirundo","MenA","BDI",-4444,"success",1004
"105","busoni","busoni","kirundo","PAB_DTP1","BDI",-4444,"success",1004
"106","busoni","busoni","kirundo","PCV1","BDI",79.89836903,"success",1004
"107","busoni","busoni","kirundo","PCV2","BDI",78.81744409,"success",1004
"108","busoni","busoni","kirundo","PCV3","BDI",80.16860027,"success",1004
"109","busoni","busoni","kirundo","Pol3","BDI",79.77826626,"success",1004
"110","busoni","busoni","kirundo","RCV1","BDI",-4444,"success",1004
"111","busoni","busoni","kirundo","Rota1","BDI",79.49302218,"success",1004
"112","busoni","busoni","kirundo","RotaC","BDI",79.16273956,"success",1004
"113","busoni","busoni","kirundo","TT2plus","BDI",60.74880569,"success",1004
"114","busoni","busoni","kirundo","VAD1","BDI",-4444,"success",1004
"115","busoni","busoni","kirundo","YFV","BDI",-2222,"success",1004
"116","butezi","butezi","ruyigi","BCG","BDI",68.67209327,"success",1701
"117","butezi","butezi","ruyigi","DTP1","BDI",87.89329102,"success",1701
"118","butezi","butezi","ruyigi","DTP3","BDI",81.72945673,"success",1701
"119","butezi","butezi","ruyigi","DTP4","BDI",59.8870651,"success",1701
"120","butezi","butezi","ruyigi","HepB_BD","BDI",-4444,"success",1701
"121","butezi","butezi","ruyigi","HepB_BDall","BDI",-4444,"success",1701
"122","butezi","butezi","ruyigi","HepB3","BDI",81.72945673,"success",1701
"123","butezi","butezi","ruyigi","Hib3","BDI",81.72945673,"success",1701
"124","butezi","butezi","ruyigi","IPV1","BDI",0.319922195,"success",1701
"125","butezi","butezi","ruyigi","MCV1","BDI",79.34070434,"success",1701
"126","butezi","butezi","ruyigi","MCV2","BDI",58.76911476,"success",1701
"127","butezi","butezi","ruyigi","MenA","BDI",-4444,"success",1701
"128","butezi","butezi","ruyigi","PAB_DTP1","BDI",-4444,"success",1701
"129","butezi","butezi","ruyigi","PCV1","BDI",87.89329102,"success",1701
"130","butezi","butezi","ruyigi","PCV2","BDI",84.246178,"success",1701
"131","butezi","butezi","ruyigi","PCV3","BDI",81.72945673,"success",1701
"132","butezi","butezi","ruyigi","Pol3","BDI",81.72945673,"success",1701
"133","butezi","butezi","ruyigi","RCV1","BDI",-4444,"success",1701
"134","butezi","butezi","ruyigi","Rota1","BDI",87.99993175,"success",1701
"135","butezi","butezi","ruyigi","RotaC","BDI",84.54477204,"success",1701
"136","butezi","butezi","ruyigi","TT2plus","BDI",79.89267677,"success",1701
"137","butezi","butezi","ruyigi","VAD1","BDI",-4444,"success",1701
"138","butezi","butezi","ruyigi","YFV","BDI",-2222,"success",1701
"139","buye","buye","ngozi","BCG","BDI",65.72985499,"success",1503
"140","buye","buye","ngozi","DTP1","BDI",82.68778886,"success",1503
"141","buye","buye","ngozi","DTP3","BDI",77.16368346,"success",1503
"142","buye","buye","ngozi","DTP4","BDI",70.63130814,"success",1503
"143","buye","buye","ngozi","HepB_BD","BDI",-4444,"success",1503
"144","buye","buye","ngozi","HepB_BDall","BDI",-4444,"success",1503
"145","buye","buye","ngozi","HepB3","BDI",77.16368346,"success",1503
"146","buye","buye","ngozi","Hib3","BDI",77.16368346,"success",1503
"147","buye","buye","ngozi","IPV1","BDI",-2222,"success",1503
"148","buye","buye","ngozi","MCV1","BDI",72.78164031,"success",1503
"149","buye","buye","ngozi","MCV2","BDI",73.78266889,"success",1503
"150","buye","buye","ngozi","MenA","BDI",-4444,"success",1503
"151","buye","buye","ngozi","PAB_DTP1","BDI",-4444,"success",1503
"152","buye","buye","ngozi","PCV1","BDI",81.93055194,"success",1503
"153","buye","buye","ngozi","PCV2","BDI",79.1126375,"success",1503
"154","buye","buye","ngozi","PCV3","BDI",77.1264423,"success",1503
"155","buye","buye","ngozi","Pol3","BDI",77.16368346,"success",1503
"156","buye","buye","ngozi","RCV1","BDI",-4444,"success",1503
"157","buye","buye","ngozi","Rota1","BDI",82.36503214,"success",1503
"158","buye","buye","ngozi","RotaC","BDI",79.7333235,"success",1503
"159","buye","buye","ngozi","TT2plus","BDI",54.61142752,"success",1503
"160","buye","buye","ngozi","VAD1","BDI",-4444,"success",1503
"161","buye","buye","ngozi","YFV","BDI",-2222,"success",1503
"162","cankuzo","cankuzo","cankuzo","BCG","BDI",79.05587854,"success",501
"163","cankuzo","cankuzo","cankuzo","DTP1","BDI",99.43161861,"success",501
"164","cankuzo","cankuzo","cankuzo","DTP3","BDI",94.96440096,"success",501
"165","cankuzo","cankuzo","cankuzo","DTP4","BDI",81.99555976,"success",501
"166","cankuzo","cankuzo","cankuzo","HepB_BD","BDI",-4444,"success",501
"167","cankuzo","cankuzo","cankuzo","HepB_BDall","BDI",-4444,"success",501
"168","cankuzo","cankuzo","cankuzo","HepB3","BDI",94.96440096,"success",501
"169","cankuzo","cankuzo","cankuzo","Hib3","BDI",94.96440096,"success",501
"170","cankuzo","cankuzo","cankuzo","IPV1","BDI",-2222,"success",501
"171","cankuzo","cankuzo","cankuzo","MCV1","BDI",89.29031403,"success",501
"172","cankuzo","cankuzo","cankuzo","MCV2","BDI",82.31028645,"success",501
"173","cankuzo","cankuzo","cankuzo","MenA","BDI",-4444,"success",501
"174","cankuzo","cankuzo","cankuzo","PAB_DTP1","BDI",-4444,"success",501
"175","cankuzo","cankuzo","cankuzo","PCV1","BDI",99.5036705,"success",501
"176","cankuzo","cankuzo","cankuzo","PCV2","BDI",96.22530917,"success",501
"177","cankuzo","cankuzo","cankuzo","PCV3","BDI",94.96440096,"success",501
"178","cankuzo","cankuzo","cankuzo","Pol3","BDI",94.96440096,"success",501
"179","cankuzo","cankuzo","cankuzo","RCV1","BDI",-4444,"success",501
"180","cankuzo","cankuzo","cankuzo","Rota1","BDI",99.41360563,"success",501
"181","cankuzo","cankuzo","cankuzo","RotaC","BDI",96.0631924,"success",501
"182","cankuzo","cankuzo","cankuzo","TT2plus","BDI",89.00293255,"success",501
"183","cankuzo","cankuzo","cankuzo","VAD1","BDI",-4444,"success",501
"184","cankuzo","cankuzo","cankuzo","YFV","BDI",-2222,"success",501
"185","cibitoke","cibitoke","cibitoke","BCG","BDI",88.43035338,"success",602
"186","cibitoke","cibitoke","cibitoke","DTP1","BDI",115.0088277,"success",602
"187","cibitoke","cibitoke","cibitoke","DTP3","BDI",104.0198762,"success",602
"188","cibitoke","cibitoke","cibitoke","DTP4","BDI",66.1642944,"success",602
"189","cibitoke","cibitoke","cibitoke","HepB_BD","BDI",-4444,"success",602
"190","cibitoke","cibitoke","cibitoke","HepB_BDall","BDI",-4444,"success",602
"191","cibitoke","cibitoke","cibitoke","HepB3","BDI",104.0198762,"success",602
"192","cibitoke","cibitoke","cibitoke","Hib3","BDI",104.0198762,"success",602
"193","cibitoke","cibitoke","cibitoke","IPV1","BDI",-2222,"success",602
"194","cibitoke","cibitoke","cibitoke","MCV1","BDI",101.2845106,"success",602
"195","cibitoke","cibitoke","cibitoke","MCV2","BDI",65.95930027,"success",602
"196","cibitoke","cibitoke","cibitoke","MenA","BDI",-4444,"success",602
"197","cibitoke","cibitoke","cibitoke","PAB_DTP1","BDI",-4444,"success",602
"198","cibitoke","cibitoke","cibitoke","PCV1","BDI",115.0088277,"success",602
"199","cibitoke","cibitoke","cibitoke","PCV2","BDI",109.5570921,"success",602
"200","cibitoke","cibitoke","cibitoke","PCV3","BDI",104.0198762,"success",602
"201","cibitoke","cibitoke","cibitoke","Pol3","BDI",104.0198762,"success",602
"202","cibitoke","cibitoke","cibitoke","RCV1","BDI",-4444,"success",602
"203","cibitoke","cibitoke","cibitoke","Rota1","BDI",114.7903784,"success",602
"204","cibitoke","cibitoke","cibitoke","RotaC","BDI",109.5760877,"success",602
"205","cibitoke","cibitoke","cibitoke","TT2plus","BDI",85.11385999,"success",602
"206","cibitoke","cibitoke","cibitoke","VAD1","BDI",-4444,"success",602
"207","cibitoke","cibitoke","cibitoke","YFV","BDI",-2222,"success",602
"208","fota","fota","mwaro","BCG","BDI",48.0066875,"success",1402
"209","fota","fota","mwaro","DTP1","BDI",65.9874093,"success",1402
"210","fota","fota","mwaro","DTP3","BDI",63.45915607,"success",1402
"211","fota","fota","mwaro","DTP4","BDI",58.44853272,"success",1402
"212","fota","fota","mwaro","HepB_BD","BDI",-4444,"success",1402
"213","fota","fota","mwaro","HepB_BDall","BDI",-4444,"success",1402
"214","fota","fota","mwaro","HepB3","BDI",63.45915607,"success",1402
"215","fota","fota","mwaro","Hib3","BDI",63.45915607,"success",1402
"216","fota","fota","mwaro","IPV1","BDI",-2222,"success",1402
"217","fota","fota","mwaro","MCV1","BDI",61.31856833,"success",1402
"218","fota","fota","mwaro","MCV2","BDI",58.08474518,"success",1402
"219","fota","fota","mwaro","MenA","BDI",-4444,"success",1402
"220","fota","fota","mwaro","PAB_DTP1","BDI",-4444,"success",1402
"221","fota","fota","mwaro","PCV1","BDI",65.9874093,"success",1402
"222","fota","fota","mwaro","PCV2","BDI",63.57714122,"success",1402
"223","fota","fota","mwaro","PCV3","BDI",63.408591,"success",1402
"224","fota","fota","mwaro","Pol3","BDI",63.15576568,"success",1402
"225","fota","fota","mwaro","RCV1","BDI",-4444,"success",1402
"226","fota","fota","mwaro","Rota1","BDI",66.00426432,"success",1402
"227","fota","fota","mwaro","RotaC","BDI",63.29060585,"success",1402
"228","fota","fota","mwaro","TT2plus","BDI",50.53629334,"success",1402
"229","fota","fota","mwaro","VAD1","BDI",-4444,"success",1402
"230","fota","fota","mwaro","YFV","BDI",-2222,"success",1402
"231","gahombo","gahombo","kayanza","BCG","BDI",54.12810584,"success",903
"232","gahombo","gahombo","kayanza","DTP1","BDI",71.01549168,"success",903
"233","gahombo","gahombo","kayanza","DTP3","BDI",69.79556182,"success",903
"234","gahombo","gahombo","kayanza","DTP4","BDI",80.67110678,"success",903
"235","gahombo","gahombo","kayanza","HepB_BD","BDI",-4444,"success",903
"236","gahombo","gahombo","kayanza","HepB_BDall","BDI",-4444,"success",903
"237","gahombo","gahombo","kayanza","HepB3","BDI",69.79556182,"success",903
"238","gahombo","gahombo","kayanza","Hib3","BDI",69.79556182,"success",903
"239","gahombo","gahombo","kayanza","IPV1","BDI",-2222,"success",903
"240","gahombo","gahombo","kayanza","MCV1","BDI",72.40413525,"success",903
"241","gahombo","gahombo","kayanza","MCV2","BDI",80.67110678,"success",903
"242","gahombo","gahombo","kayanza","MenA","BDI",-4444,"success",903
"243","gahombo","gahombo","kayanza","PAB_DTP1","BDI",-4444,"success",903
"244","gahombo","gahombo","kayanza","PCV1","BDI",71.01549168,"success",903
"245","gahombo","gahombo","kayanza","PCV2","BDI",70.74295416,"success",903
"246","gahombo","gahombo","kayanza","PCV3","BDI",70.67806427,"success",903
"247","gahombo","gahombo","kayanza","Pol3","BDI",70.78188809,"success",903
"248","gahombo","gahombo","kayanza","RCV1","BDI",-4444,"success",903
"249","gahombo","gahombo","kayanza","Rota1","BDI",71.06740359,"success",903
"250","gahombo","gahombo","kayanza","RotaC","BDI",70.76891011,"success",903
"251","gahombo","gahombo","kayanza","TT2plus","BDI",51.34927494,"success",903
"252","gahombo","gahombo","kayanza","VAD1","BDI",-4444,"success",903
"253","gahombo","gahombo","kayanza","YFV","BDI",-2222,"success",903
"254","gashoho","gashoho","muyinga","BCG","BDI",88.10271068,"success",1302
"255","gashoho","gashoho","muyinga","DTP1","BDI",115.3194428,"success",1302
"256","gashoho","gashoho","muyinga","DTP3","BDI",111.2656467,"success",1302
"257","gashoho","gashoho","muyinga","DTP4","BDI",103.1752525,"success",1302
"258","gashoho","gashoho","muyinga","HepB_BD","BDI",-4444,"success",1302
"259","gashoho","gashoho","muyinga","HepB_BDall","BDI",-4444,"success",1302
"260","gashoho","gashoho","muyinga","HepB3","BDI",111.2656467,"success",1302
"261","gashoho","gashoho","muyinga","Hib3","BDI",111.2656467,"success",1302
"262","gashoho","gashoho","muyinga","IPV1","BDI",0.26533938,"success",1302
"263","gashoho","gashoho","muyinga","MCV1","BDI",106.121011,"success",1302
"264","gashoho","gashoho","muyinga","MCV2","BDI",106.735632,"success",1302
"265","gashoho","gashoho","muyinga","MenA","BDI",-4444,"success",1302
"266","gashoho","gashoho","muyinga","PAB_DTP1","BDI",-4444,"success",1302
"267","gashoho","gashoho","muyinga","PCV1","BDI",115.3194428,"success",1302
"268","gashoho","gashoho","muyinga","PCV2","BDI",112.7987187,"success",1302
"269","gashoho","gashoho","muyinga","PCV3","BDI",111.2803878,"success",1302
"270","gashoho","gashoho","muyinga","Pol3","BDI",111.2656467,"success",1302
"271","gashoho","gashoho","muyinga","RCV1","BDI",-4444,"success",1302
"272","gashoho","gashoho","muyinga","Rota1","BDI",115.0098802,"success",1302
"273","gashoho","gashoho","muyinga","RotaC","BDI",112.5038972,"success",1302
"274","gashoho","gashoho","muyinga","TT2plus","BDI",93.1929748,"success",1302
"275","gashoho","gashoho","muyinga","VAD1","BDI",-4444,"success",1302
"276","gashoho","gashoho","muyinga","YFV","BDI",-2222,"success",1302
"277","gihofi","gihofi","rutana","BCG","BDI",100.10676,"success",1602
"278","gihofi","gihofi","rutana","DTP1","BDI",128.9338847,"success",1602
"279","gihofi","gihofi","rutana","DTP3","BDI",121.1024575,"success",1602
"280","gihofi","gihofi","rutana","DTP4","BDI",84.18257085,"success",1602
"281","gihofi","gihofi","rutana","HepB_BD","BDI",-4444,"success",1602
"282","gihofi","gihofi","rutana","HepB_BDall","BDI",-4444,"success",1602
"283","gihofi","gihofi","rutana","HepB3","BDI",121.1024575,"success",1602
"284","gihofi","gihofi","rutana","Hib3","BDI",121.1024575,"success",1602
"285","gihofi","gihofi","rutana","IPV1","BDI",-2222,"success",1602
"286","gihofi","gihofi","rutana","MCV1","BDI",119.419776,"success",1602
"287","gihofi","gihofi","rutana","MCV2","BDI",84.37761851,"success",1602
"288","gihofi","gihofi","rutana","MenA","BDI",-4444,"success",1602
"289","gihofi","gihofi","rutana","PAB_DTP1","BDI",-4444,"success",1602
"290","gihofi","gihofi","rutana","PCV1","BDI",128.9338847,"success",1602
"291","gihofi","gihofi","rutana","PCV2","BDI",128.7188051,"success",1602
"292","gihofi","gihofi","rutana","PCV3","BDI",121.1024575,"success",1602
"293","gihofi","gihofi","rutana","Pol3","BDI",121.1024575,"success",1602
"294","gihofi","gihofi","rutana","RCV1","BDI",-4444,"success",1602
"295","gihofi","gihofi","rutana","Rota1","BDI",126.1758053,"success",1602
"296","gihofi","gihofi","rutana","RotaC","BDI",127.7699246,"success",1602
"297","gihofi","gihofi","rutana","TT2plus","BDI",98.86714727,"success",1602
"298","gihofi","gihofi","rutana","VAD1","BDI",-4444,"success",1602
"299","gihofi","gihofi","rutana","YFV","BDI",-2222,"success",1602
"300","gitega","gitega","gitega","BCG","BDI",83.66582333,"success",701
"301","gitega","gitega","gitega","DTP1","BDI",103.9132785,"success",701
"302","gitega","gitega","gitega","DTP3","BDI",97.23977302,"success",701
"303","gitega","gitega","gitega","DTP4","BDI",82.57226328,"success",701
"304","gitega","gitega","gitega","HepB_BD","BDI",-4444,"success",701
"305","gitega","gitega","gitega","HepB_BDall","BDI",-4444,"success",701
"306","gitega","gitega","gitega","HepB3","BDI",97.23977302,"success",701
"307","gitega","gitega","gitega","Hib3","BDI",97.23977302,"success",701
"308","gitega","gitega","gitega","IPV1","BDI",-2222,"success",701
"309","gitega","gitega","gitega","MCV1","BDI",91.80139265,"success",701
"310","gitega","gitega","gitega","MCV2","BDI",82.66082845,"success",701
"311","gitega","gitega","gitega","MenA","BDI",-4444,"success",701
"312","gitega","gitega","gitega","PAB_DTP1","BDI",-4444,"success",701
"313","gitega","gitega","gitega","PCV1","BDI",103.8079578,"success",701
"314","gitega","gitega","gitega","PCV2","BDI",99.93023937,"success",701
"315","gitega","gitega","gitega","PCV3","BDI",97.35466838,"success",701
"316","gitega","gitega","gitega","Pol3","BDI",97.23977302,"success",701
"317","gitega","gitega","gitega","RCV1","BDI",-4444,"success",701
"318","gitega","gitega","gitega","Rota1","BDI",103.4345478,"success",701
"319","gitega","gitega","gitega","RotaC","BDI",99.90151553,"success",701
"320","gitega","gitega","gitega","TT2plus","BDI",67.37282131,"success",701
"321","gitega","gitega","gitega","VAD1","BDI",-4444,"success",701
"322","gitega","gitega","gitega","YFV","BDI",-2222,"success",701
"323","giteranyi","giteranyi","muyinga","BCG","BDI",71.3957873,"success",1303
"324","giteranyi","giteranyi","muyinga","DTP1","BDI",91.83582426,"success",1303
"325","giteranyi","giteranyi","muyinga","DTP3","BDI",90.39277787,"success",1303
"326","giteranyi","giteranyi","muyinga","DTP4","BDI",73.27933289,"success",1303
"327","giteranyi","giteranyi","muyinga","HepB_BD","BDI",-4444,"success",1303
"328","giteranyi","giteranyi","muyinga","HepB_BDall","BDI",-4444,"success",1303
"329","giteranyi","giteranyi","muyinga","HepB3","BDI",90.39277787,"success",1303
"330","giteranyi","giteranyi","muyinga","Hib3","BDI",90.39277787,"success",1303
"331","giteranyi","giteranyi","muyinga","IPV1","BDI",-2222,"success",1303
"332","giteranyi","giteranyi","muyinga","MCV1","BDI",89.29289495,"success",1303
"333","giteranyi","giteranyi","muyinga","MCV2","BDI",76.52594286,"success",1303
"334","giteranyi","giteranyi","muyinga","MenA","BDI",-4444,"success",1303
"335","giteranyi","giteranyi","muyinga","PAB_DTP1","BDI",-4444,"success",1303
"336","giteranyi","giteranyi","muyinga","PCV1","BDI",91.8270252,"success",1303
"337","giteranyi","giteranyi","muyinga","PCV2","BDI",90.8415301,"success",1303
"338","giteranyi","giteranyi","muyinga","PCV3","BDI",90.79753478,"success",1303
"339","giteranyi","giteranyi","muyinga","Pol3","BDI",90.8415301,"success",1303
"340","giteranyi","giteranyi","muyinga","RCV1","BDI",-4444,"success",1303
"341","giteranyi","giteranyi","muyinga","Rota1","BDI",91.80942707,"success",1303
"342","giteranyi","giteranyi","muyinga","RotaC","BDI",90.82393197,"success",1303
"343","giteranyi","giteranyi","muyinga","TT2plus","BDI",73.18010158,"success",1303
"344","giteranyi","giteranyi","muyinga","VAD1","BDI",-4444,"success",1303
"345","giteranyi","giteranyi","muyinga","YFV","BDI",-2222,"success",1303
"346","isale","isale","bujumburarural","BCG","BDI",77.07845157,"success",303
"347","isale","isale","bujumburarural","DTP1","BDI",100.68535,"success",303
"348","isale","isale","bujumburarural","DTP3","BDI",94.16030775,"success",303
"349","isale","isale","bujumburarural","DTP4","BDI",81.40628826,"success",303
"350","isale","isale","bujumburarural","HepB_BD","BDI",-4444,"success",303
"351","isale","isale","bujumburarural","HepB_BDall","BDI",-4444,"success",303
"352","isale","isale","bujumburarural","HepB3","BDI",94.16030775,"success",303
"353","isale","isale","bujumburarural","Hib3","BDI",94.16030775,"success",303
"354","isale","isale","bujumburarural","IPV1","BDI",-2222,"success",303
"355","isale","isale","bujumburarural","MCV1","BDI",100.2209342,"success",303
"356","isale","isale","bujumburarural","MCV2","BDI",81.39435535,"success",303
"357","isale","isale","bujumburarural","MenA","BDI",-4444,"success",303
"358","isale","isale","bujumburarural","PAB_DTP1","BDI",-4444,"success",303
"359","isale","isale","bujumburarural","PCV1","BDI",100.6505189,"success",303
"360","isale","isale","bujumburarural","PCV2","BDI",97.30672494,"success",303
"361","isale","isale","bujumburarural","PCV3","BDI",94.16030775,"success",303
"362","isale","isale","bujumburarural","Pol3","BDI",94.16030775,"success",303
"363","isale","isale","bujumburarural","RCV1","BDI",-4444,"success",303
"364","isale","isale","bujumburarural","Rota1","BDI",100.3254278,"success",303
"365","isale","isale","bujumburarural","RotaC","BDI",96.6217116,"success",303
"366","isale","isale","bujumburarural","TT2plus","BDI",67.10198471,"success",303
"367","isale","isale","bujumburarural","VAD1","BDI",-4444,"success",303
"368","isale","isale","bujumburarural","YFV","BDI",-2222,"success",303
"369","kabezi","kabezi","bujumburarural","BCG","BDI",60.12204425,"success",301
"370","kabezi","kabezi","bujumburarural","DTP1","BDI",80.55544851,"success",301
"371","kabezi","kabezi","bujumburarural","DTP3","BDI",76.49842482,"success",301
"372","kabezi","kabezi","bujumburarural","DTP4","BDI",58.95119677,"success",301
"373","kabezi","kabezi","bujumburarural","HepB_BD","BDI",-4444,"success",301
"374","kabezi","kabezi","bujumburarural","HepB_BDall","BDI",-4444,"success",301
"375","kabezi","kabezi","bujumburarural","HepB3","BDI",76.49842482,"success",301
"376","kabezi","kabezi","bujumburarural","Hib3","BDI",76.49842482,"success",301
"377","kabezi","kabezi","bujumburarural","IPV1","BDI",1.398973687,"success",301
"378","kabezi","kabezi","bujumburarural","MCV1","BDI",75.73534826,"success",301
"379","kabezi","kabezi","bujumburarural","MCV2","BDI",60.37595962,"success",301
"380","kabezi","kabezi","bujumburarural","MenA","BDI",-4444,"success",301
"381","kabezi","kabezi","bujumburarural","PAB_DTP1","BDI",-4444,"success",301
"382","kabezi","kabezi","bujumburarural","PCV1","BDI",80.23749995,"success",301
"383","kabezi","kabezi","bujumburarural","PCV2","BDI",78.29165473,"success",301
"384","kabezi","kabezi","bujumburarural","PCV3","BDI",77.32509109,"success",301
"385","kabezi","kabezi","bujumburarural","Pol3","BDI",75.26478439,"success",301
"386","kabezi","kabezi","bujumburarural","RCV1","BDI",-4444,"success",301
"387","kabezi","kabezi","bujumburarural","Rota1","BDI",78.87668009,"success",301
"388","kabezi","kabezi","bujumburarural","RotaC","BDI",74.59073343,"success",301
"389","kabezi","kabezi","bujumburarural","TT2plus","BDI",66.563147,"success",301
"390","kabezi","kabezi","bujumburarural","VAD1","BDI",-4444,"success",301
"391","kabezi","kabezi","bujumburarural","YFV","BDI",-2222,"success",301
"392","kayanza","kayanza","kayanza","BCG","BDI",67.20148042,"success",901
"393","kayanza","kayanza","kayanza","DTP1","BDI",86.0467944,"success",901
"394","kayanza","kayanza","kayanza","DTP3","BDI",85.9865516,"success",901
"395","kayanza","kayanza","kayanza","DTP4","BDI",87.04386846,"success",901
"396","kayanza","kayanza","kayanza","HepB_BD","BDI",-4444,"success",901
"397","kayanza","kayanza","kayanza","HepB_BDall","BDI",-4444,"success",901
"398","kayanza","kayanza","kayanza","HepB3","BDI",85.9865516,"success",901
"399","kayanza","kayanza","kayanza","Hib3","BDI",85.9865516,"success",901
"400","kayanza","kayanza","kayanza","IPV1","BDI",-2222,"success",901
"401","kayanza","kayanza","kayanza","MCV1","BDI",88.36614206,"success",901
"402","kayanza","kayanza","kayanza","MCV2","BDI",87.04386846,"success",901
"403","kayanza","kayanza","kayanza","MenA","BDI",-4444,"success",901
"404","kayanza","kayanza","kayanza","PAB_DTP1","BDI",-4444,"success",901
"405","kayanza","kayanza","kayanza","PCV1","BDI",86.0467944,"success",901
"406","kayanza","kayanza","kayanza","PCV2","BDI",86.14719906,"success",901
"407","kayanza","kayanza","kayanza","PCV3","BDI",85.9865516,"success",901
"408","kayanza","kayanza","kayanza","Pol3","BDI",86.02671346,"success",901
"409","kayanza","kayanza","kayanza","RCV1","BDI",-4444,"success",901
"410","kayanza","kayanza","kayanza","Rota1","BDI",86.0467944,"success",901
"411","kayanza","kayanza","kayanza","RotaC","BDI",86.14719906,"success",901
"412","kayanza","kayanza","kayanza","TT2plus","BDI",58.5407534,"success",901
"413","kayanza","kayanza","kayanza","VAD1","BDI",-4444,"success",901
"414","kayanza","kayanza","kayanza","YFV","BDI",-2222,"success",901
"415","kibumbu","kibumbu","mwaro","BCG","BDI",54.11778673,"success",1401
"416","kibumbu","kibumbu","mwaro","DTP1","BDI",69.38270674,"success",1401
"417","kibumbu","kibumbu","mwaro","DTP3","BDI",68.30335263,"success",1401
"418","kibumbu","kibumbu","mwaro","DTP4","BDI",67.01327954,"success",1401
"419","kibumbu","kibumbu","mwaro","HepB_BD","BDI",-4444,"success",1401
"420","kibumbu","kibumbu","mwaro","HepB_BDall","BDI",-4444,"success",1401
"421","kibumbu","kibumbu","mwaro","HepB3","BDI",68.30335263,"success",1401
"422","kibumbu","kibumbu","mwaro","Hib3","BDI",68.30335263,"success",1401
"423","kibumbu","kibumbu","mwaro","IPV1","BDI",-2222,"success",1401
"424","kibumbu","kibumbu","mwaro","MCV1","BDI",64.80685338,"success",1401
"425","kibumbu","kibumbu","mwaro","MCV2","BDI",67.16952407,"success",1401
"426","kibumbu","kibumbu","mwaro","MenA","BDI",-4444,"success",1401
"427","kibumbu","kibumbu","mwaro","PAB_DTP1","BDI",-4444,"success",1401
"428","kibumbu","kibumbu","mwaro","PCV1","BDI",69.38270674,"success",1401
"429","kibumbu","kibumbu","mwaro","PCV2","BDI",67.84728751,"success",1401
"430","kibumbu","kibumbu","mwaro","PCV3","BDI",68.39456565,"success",1401
"431","kibumbu","kibumbu","mwaro","Pol3","BDI",68.30335263,"success",1401
"432","kibumbu","kibumbu","mwaro","RCV1","BDI",-4444,"success",1401
"433","kibumbu","kibumbu","mwaro","Rota1","BDI",68.91143945,"success",1401
"434","kibumbu","kibumbu","mwaro","RotaC","BDI",67.30000936,"success",1401
"435","kibumbu","kibumbu","mwaro","TT2plus","BDI",40.16199798,"success",1401
"436","kibumbu","kibumbu","mwaro","VAD1","BDI",-4444,"success",1401
"437","kibumbu","kibumbu","mwaro","YFV","BDI",-2222,"success",1401
"438","kibuye","kibuye","gitega","BCG","BDI",72.51583277,"success",702
"439","kibuye","kibuye","gitega","DTP1","BDI",87.37737873,"success",702
"440","kibuye","kibuye","gitega","DTP3","BDI",85.88981204,"success",702
"441","kibuye","kibuye","gitega","DTP4","BDI",86.2763251,"success",702
"442","kibuye","kibuye","gitega","HepB_BD","BDI",-4444,"success",702
"443","kibuye","kibuye","gitega","HepB_BDall","BDI",-4444,"success",702
"444","kibuye","kibuye","gitega","HepB3","BDI",85.88981204,"success",702
"445","kibuye","kibuye","gitega","Hib3","BDI",85.88981204,"success",702
"446","kibuye","kibuye","gitega","IPV1","BDI",-2222,"success",702
"447","kibuye","kibuye","gitega","MCV1","BDI",83.53259098,"success",702
"448","kibuye","kibuye","gitega","MCV2","BDI",86.68794879,"success",702
"449","kibuye","kibuye","gitega","MenA","BDI",-4444,"success",702
"450","kibuye","kibuye","gitega","PAB_DTP1","BDI",-4444,"success",702
"451","kibuye","kibuye","gitega","PCV1","BDI",87.37737873,"success",702
"452","kibuye","kibuye","gitega","PCV2","BDI",85.84404076,"success",702
"453","kibuye","kibuye","gitega","PCV3","BDI",85.88981204,"success",702
"454","kibuye","kibuye","gitega","Pol3","BDI",85.88981204,"success",702
"455","kibuye","kibuye","gitega","RCV1","BDI",-4444,"success",702
"456","kibuye","kibuye","gitega","Rota1","BDI",86.85100898,"success",702
"457","kibuye","kibuye","gitega","RotaC","BDI",85.78682666,"success",702
"458","kibuye","kibuye","gitega","TT2plus","BDI",69.9661304,"success",702
"459","kibuye","kibuye","gitega","VAD1","BDI",-4444,"success",702
"460","kibuye","kibuye","gitega","YFV","BDI",-2222,"success",702
"461","kiganda","kiganda","muramvya","BCG","BDI",58.05472646,"success",1202
"462","kiganda","kiganda","muramvya","DTP1","BDI",75.03791354,"success",1202
"463","kiganda","kiganda","muramvya","DTP3","BDI",73.50468694,"success",1202
"464","kiganda","kiganda","muramvya","DTP4","BDI",69.08872711,"success",1202
"465","kiganda","kiganda","muramvya","HepB_BD","BDI",-4444,"success",1202
"466","kiganda","kiganda","muramvya","HepB_BDall","BDI",-4444,"success",1202
"467","kiganda","kiganda","muramvya","HepB3","BDI",73.50468694,"success",1202
"468","kiganda","kiganda","muramvya","Hib3","BDI",73.50468694,"success",1202
"469","kiganda","kiganda","muramvya","IPV1","BDI",-2222,"success",1202
"470","kiganda","kiganda","muramvya","MCV1","BDI",69.65658881,"success",1202
"471","kiganda","kiganda","muramvya","MCV2","BDI",68.98058285,"success",1202
"472","kiganda","kiganda","muramvya","MenA","BDI",-4444,"success",1202
"473","kiganda","kiganda","muramvya","PAB_DTP1","BDI",-4444,"success",1202
"474","kiganda","kiganda","muramvya","PCV1","BDI",75.03791354,"success",1202
"475","kiganda","kiganda","muramvya","PCV2","BDI",74.4366482,"success",1202
"476","kiganda","kiganda","muramvya","PCV3","BDI",74.1660788,"success",1202
"477","kiganda","kiganda","muramvya","Pol3","BDI",74.1660788,"success",1202
"478","kiganda","kiganda","muramvya","RCV1","BDI",-4444,"success",1202
"479","kiganda","kiganda","muramvya","Rota1","BDI",75.03791354,"success",1202
"480","kiganda","kiganda","muramvya","RotaC","BDI",74.4366482,"success",1202
"481","kiganda","kiganda","muramvya","TT2plus","BDI",52.04671858,"success",1202
"482","kiganda","kiganda","muramvya","VAD1","BDI",-4444,"success",1202
"483","kiganda","kiganda","muramvya","YFV","BDI",-2222,"success",1202
"484","kinyinya","kinyinya","ruyigi","BCG","BDI",95.08641298,"success",1702
"485","kinyinya","kinyinya","ruyigi","DTP1","BDI",107.3886172,"success",1702
"486","kinyinya","kinyinya","ruyigi","DTP3","BDI",99.08515299,"success",1702
"487","kinyinya","kinyinya","ruyigi","DTP4","BDI",61.70737748,"success",1702
"488","kinyinya","kinyinya","ruyigi","HepB_BD","BDI",-4444,"success",1702
"489","kinyinya","kinyinya","ruyigi","HepB_BDall","BDI",-4444,"success",1702
"490","kinyinya","kinyinya","ruyigi","HepB3","BDI",99.08515299,"success",1702
"491","kinyinya","kinyinya","ruyigi","Hib3","BDI",99.08515299,"success",1702
"492","kinyinya","kinyinya","ruyigi","IPV1","BDI",-2222,"success",1702
"493","kinyinya","kinyinya","ruyigi","MCV1","BDI",110.555918,"success",1702
"494","kinyinya","kinyinya","ruyigi","MCV2","BDI",67.52509316,"success",1702
"495","kinyinya","kinyinya","ruyigi","MenA","BDI",-4444,"success",1702
"496","kinyinya","kinyinya","ruyigi","PAB_DTP1","BDI",-4444,"success",1702
"497","kinyinya","kinyinya","ruyigi","PCV1","BDI",107.4635196,"success",1702
"498","kinyinya","kinyinya","ruyigi","PCV2","BDI",104.64933,"success",1702
"499","kinyinya","kinyinya","ruyigi","PCV3","BDI",99.08515299,"success",1702
"500","kinyinya","kinyinya","ruyigi","Pol3","BDI",99.08515299,"success",1702
"501","kinyinya","kinyinya","ruyigi","RCV1","BDI",-4444,"success",1702
"502","kinyinya","kinyinya","ruyigi","Rota1","BDI",106.3720849,"success",1702
"503","kinyinya","kinyinya","ruyigi","RotaC","BDI",104.4139226,"success",1702
"504","kinyinya","kinyinya","ruyigi","TT2plus","BDI",174.7485945,"success",1702
"505","kinyinya","kinyinya","ruyigi","VAD1","BDI",-4444,"success",1702
"506","kinyinya","kinyinya","ruyigi","YFV","BDI",-2222,"success",1702
"507","kiremba","kiremba","ngozi","BCG","BDI",73.97482631,"success",1502
"508","kiremba","kiremba","ngozi","DTP1","BDI",93.15925593,"success",1502
"509","kiremba","kiremba","ngozi","DTP3","BDI",92.95484238,"success",1502
"510","kiremba","kiremba","ngozi","DTP4","BDI",80.15455442,"success",1502
"511","kiremba","kiremba","ngozi","HepB_BD","BDI",-4444,"success",1502
"512","kiremba","kiremba","ngozi","HepB_BDall","BDI",-4444,"success",1502
"513","kiremba","kiremba","ngozi","HepB3","BDI",92.95484238,"success",1502
"514","kiremba","kiremba","ngozi","Hib3","BDI",92.95484238,"success",1502
"515","kiremba","kiremba","ngozi","IPV1","BDI",-2222,"success",1502
"516","kiremba","kiremba","ngozi","MCV1","BDI",84.68942471,"success",1502
"517","kiremba","kiremba","ngozi","MCV2","BDI",83.21458585,"success",1502
"518","kiremba","kiremba","ngozi","MenA","BDI",-4444,"success",1502
"519","kiremba","kiremba","ngozi","PAB_DTP1","BDI",-4444,"success",1502
"520","kiremba","kiremba","ngozi","PCV1","BDI",93.3458944,"success",1502
"521","kiremba","kiremba","ngozi","PCV2","BDI",91.46173467,"success",1502
"522","kiremba","kiremba","ngozi","PCV3","BDI",92.95484238,"success",1502
"523","kiremba","kiremba","ngozi","Pol3","BDI",92.98150502,"success",1502
"524","kiremba","kiremba","ngozi","RCV1","BDI",-4444,"success",1502
"525","kiremba","kiremba","ngozi","Rota1","BDI",92.81264165,"success",1502
"526","kiremba","kiremba","ngozi","RotaC","BDI",91.37285921,"success",1502
"527","kiremba","kiremba","ngozi","TT2plus","BDI",80.26964814,"success",1502
"528","kiremba","kiremba","ngozi","VAD1","BDI",-4444,"success",1502
"529","kiremba","kiremba","ngozi","YFV","BDI",-2222,"success",1502
"530","kirundo","kirundo","kirundo","BCG","BDI",73.55703342,"success",1001
"531","kirundo","kirundo","kirundo","DTP1","BDI",95.67597736,"success",1001
"532","kirundo","kirundo","kirundo","DTP3","BDI",86.38611769,"success",1001
"533","kirundo","kirundo","kirundo","DTP4","BDI",57.57046014,"success",1001
"534","kirundo","kirundo","kirundo","HepB_BD","BDI",-4444,"success",1001
"535","kirundo","kirundo","kirundo","HepB_BDall","BDI",-4444,"success",1001
"536","kirundo","kirundo","kirundo","HepB3","BDI",86.38611769,"success",1001
"537","kirundo","kirundo","kirundo","Hib3","BDI",86.38611769,"success",1001
"538","kirundo","kirundo","kirundo","IPV1","BDI",-2222,"success",1001
"539","kirundo","kirundo","kirundo","MCV1","BDI",88.01423743,"success",1001
"540","kirundo","kirundo","kirundo","MCV2","BDI",60.00665401,"success",1001
"541","kirundo","kirundo","kirundo","MenA","BDI",-4444,"success",1001
"542","kirundo","kirundo","kirundo","PAB_DTP1","BDI",-4444,"success",1001
"543","kirundo","kirundo","kirundo","PCV1","BDI",95.67597736,"success",1001
"544","kirundo","kirundo","kirundo","PCV2","BDI",92.13242264,"success",1001
"545","kirundo","kirundo","kirundo","PCV3","BDI",86.93680525,"success",1001
"546","kirundo","kirundo","kirundo","Pol3","BDI",86.50583238,"success",1001
"547","kirundo","kirundo","kirundo","RCV1","BDI",-4444,"success",1001
"548","kirundo","kirundo","kirundo","Rota1","BDI",94.92177483,"success",1001
"549","kirundo","kirundo","kirundo","RotaC","BDI",89.96558682,"success",1001
"550","kirundo","kirundo","kirundo","TT2plus","BDI",64.05917789,"success",1001
"551","kirundo","kirundo","kirundo","VAD1","BDI",-4444,"success",1001
"552","kirundo","kirundo","kirundo","YFV","BDI",-2222,"success",1001
"553","mabayi","mabayi","cibitoke","BCG","BDI",86.60319145,"success",601
"554","mabayi","mabayi","cibitoke","DTP1","BDI",107.3676416,"success",601
"555","mabayi","mabayi","cibitoke","DTP3","BDI",104.4133507,"success",601
"556","mabayi","mabayi","cibitoke","DTP4","BDI",82.25406502,"success",601
"557","mabayi","mabayi","cibitoke","HepB_BD","BDI",-4444,"success",601
"558","mabayi","mabayi","cibitoke","HepB_BDall","BDI",-4444,"success",601
"559","mabayi","mabayi","cibitoke","HepB3","BDI",104.4133507,"success",601
"560","mabayi","mabayi","cibitoke","Hib3","BDI",104.4133507,"success",601
"561","mabayi","mabayi","cibitoke","IPV1","BDI",-2222,"success",601
"562","mabayi","mabayi","cibitoke","MCV1","BDI",103.8925623,"success",601
"563","mabayi","mabayi","cibitoke","MCV2","BDI",83.54840844,"success",601
"564","mabayi","mabayi","cibitoke","MenA","BDI",-4444,"success",601
"565","mabayi","mabayi","cibitoke","PAB_DTP1","BDI",-4444,"success",601
"566","mabayi","mabayi","cibitoke","PCV1","BDI",107.1972018,"success",601
"567","mabayi","mabayi","cibitoke","PCV2","BDI",107.0456997,"success",601
"568","mabayi","mabayi","cibitoke","PCV3","BDI",104.3754752,"success",601
"569","mabayi","mabayi","cibitoke","Pol3","BDI",104.2807864,"success",601
"570","mabayi","mabayi","cibitoke","RCV1","BDI",-4444,"success",601
"571","mabayi","mabayi","cibitoke","Rota1","BDI",107.1877329,"success",601
"572","mabayi","mabayi","cibitoke","RotaC","BDI",106.2597825,"success",601
"573","mabayi","mabayi","cibitoke","TT2plus","BDI",87.49299327,"success",601
"574","mabayi","mabayi","cibitoke","VAD1","BDI",-4444,"success",601
"575","mabayi","mabayi","cibitoke","YFV","BDI",-2222,"success",601
"576","makamba","makamba","makamba","BCG","BDI",81.83771807,"success",1101
"577","makamba","makamba","makamba","DTP1","BDI",101.1391226,"success",1101
"578","makamba","makamba","makamba","DTP3","BDI",93.78442408,"success",1101
"579","makamba","makamba","makamba","DTP4","BDI",68.5348947,"success",1101
"580","makamba","makamba","makamba","HepB_BD","BDI",-4444,"success",1101
"581","makamba","makamba","makamba","HepB_BDall","BDI",-4444,"success",1101
"582","makamba","makamba","makamba","HepB3","BDI",93.78442408,"success",1101
"583","makamba","makamba","makamba","Hib3","BDI",93.78442408,"success",1101
"584","makamba","makamba","makamba","IPV1","BDI",-2222,"success",1101
"585","makamba","makamba","makamba","MCV1","BDI",98.05303343,"success",1101
"586","makamba","makamba","makamba","MCV2","BDI",66.25237441,"success",1101
"587","makamba","makamba","makamba","MenA","BDI",-4444,"success",1101
"588","makamba","makamba","makamba","PAB_DTP1","BDI",-4444,"success",1101
"589","makamba","makamba","makamba","PCV1","BDI",101.0814387,"success",1101
"590","makamba","makamba","makamba","PCV2","BDI",97.01472305,"success",1101
"591","makamba","makamba","makamba","PCV3","BDI",93.65944227,"success",1101
"592","makamba","makamba","makamba","Pol3","BDI",93.63060031,"success",1101
"593","makamba","makamba","makamba","RCV1","BDI",-4444,"success",1101
"594","makamba","makamba","makamba","Rota1","BDI",98.88945013,"success",1101
"595","makamba","makamba","makamba","RotaC","BDI",95.35150364,"success",1101
"596","makamba","makamba","makamba","TT2plus","BDI",87.5569152,"success",1101
"597","makamba","makamba","makamba","VAD1","BDI",-4444,"success",1101
"598","makamba","makamba","makamba","YFV","BDI",-2222,"success",1101
"599","matana","matana","bururi","BCG","BDI",51.83581003,"success",402
"600","matana","matana","bururi","DTP1","BDI",67.47359624,"success",402
"601","matana","matana","bururi","DTP3","BDI",62.46907688,"success",402
"602","matana","matana","bururi","DTP4","BDI",51.50272046,"success",402
"603","matana","matana","bururi","HepB_BD","BDI",-4444,"success",402
"604","matana","matana","bururi","HepB_BDall","BDI",-4444,"success",402
"605","matana","matana","bururi","HepB3","BDI",62.46907688,"success",402
"606","matana","matana","bururi","Hib3","BDI",62.46907688,"success",402
"607","matana","matana","bururi","IPV1","BDI",-2222,"success",402
"608","matana","matana","bururi","MCV1","BDI",59.9668172,"success",402
"609","matana","matana","bururi","MCV2","BDI",52.78298869,"success",402
"610","matana","matana","bururi","MenA","BDI",-4444,"success",402
"611","matana","matana","bururi","PAB_DTP1","BDI",-4444,"success",402
"612","matana","matana","bururi","PCV1","BDI",67.37525416,"success",402
"613","matana","matana","bururi","PCV2","BDI",63.46342461,"success",402
"614","matana","matana","bururi","PCV3","BDI",62.30517341,"success",402
"615","matana","matana","bururi","Pol3","BDI",62.06478165,"success",402
"616","matana","matana","bururi","RCV1","BDI",-4444,"success",402
"617","matana","matana","bururi","Rota1","BDI",67.00373962,"success",402
"618","matana","matana","bururi","RotaC","BDI",63.48527841,"success",402
"619","matana","matana","bururi","TT2plus","BDI",70.17870138,"success",402
"620","matana","matana","bururi","VAD1","BDI",-4444,"success",402
"621","matana","matana","bururi","YFV","BDI",-2222,"success",402
"622","mpanda","mpanda","bubanza","BCG","BDI",118.2565604,"success",102
"623","mpanda","mpanda","bubanza","DTP1","BDI",139.7669772,"success",102
"624","mpanda","mpanda","bubanza","DTP3","BDI",128.8595725,"success",102
"625","mpanda","mpanda","bubanza","DTP4","BDI",64.3554496,"success",102
"626","mpanda","mpanda","bubanza","HepB_BD","BDI",-4444,"success",102
"627","mpanda","mpanda","bubanza","HepB_BDall","BDI",-4444,"success",102
"628","mpanda","mpanda","bubanza","HepB3","BDI",128.8595725,"success",102
"629","mpanda","mpanda","bubanza","Hib3","BDI",128.8595725,"success",102
"630","mpanda","mpanda","bubanza","IPV1","BDI",-2222,"success",102
"631","mpanda","mpanda","bubanza","MCV1","BDI",124.6107578,"success",102
"632","mpanda","mpanda","bubanza","MCV2","BDI",67.45785937,"success",102
"633","mpanda","mpanda","bubanza","MenA","BDI",-4444,"success",102
"634","mpanda","mpanda","bubanza","PAB_DTP1","BDI",-4444,"success",102
"635","mpanda","mpanda","bubanza","PCV1","BDI",139.7669772,"success",102
"636","mpanda","mpanda","bubanza","PCV2","BDI",134.5669354,"success",102
"637","mpanda","mpanda","bubanza","PCV3","BDI",128.8595725,"success",102
"638","mpanda","mpanda","bubanza","Pol3","BDI",128.8595725,"success",102
"639","mpanda","mpanda","bubanza","RCV1","BDI",-4444,"success",102
"640","mpanda","mpanda","bubanza","Rota1","BDI",140.0333209,"success",102
"641","mpanda","mpanda","bubanza","RotaC","BDI",134.5796185,"success",102
"642","mpanda","mpanda","bubanza","TT2plus","BDI",100.9009855,"success",102
"643","mpanda","mpanda","bubanza","VAD1","BDI",-4444,"success",102
"644","mpanda","mpanda","bubanza","YFV","BDI",-2222,"success",102
"645","mukenke","mukenke","kirundo","BCG","BDI",80.59022894,"success",1002
"646","mukenke","mukenke","kirundo","DTP1","BDI",106.8031853,"success",1002
"647","mukenke","mukenke","kirundo","DTP3","BDI",99.522349,"success",1002
"648","mukenke","mukenke","kirundo","DTP4","BDI",69.44444444,"success",1002
"649","mukenke","mukenke","kirundo","HepB_BD","BDI",-4444,"success",1002
"650","mukenke","mukenke","kirundo","HepB_BDall","BDI",-4444,"success",1002
"651","mukenke","mukenke","kirundo","HepB3","BDI",99.522349,"success",1002
"652","mukenke","mukenke","kirundo","Hib3","BDI",99.522349,"success",1002
"653","mukenke","mukenke","kirundo","IPV1","BDI",-2222,"success",1002
"654","mukenke","mukenke","kirundo","MCV1","BDI",94.89708344,"success",1002
"655","mukenke","mukenke","kirundo","MCV2","BDI",70.0951472,"success",1002
"656","mukenke","mukenke","kirundo","MenA","BDI",-4444,"success",1002
"657","mukenke","mukenke","kirundo","PAB_DTP1","BDI",-4444,"success",1002
"658","mukenke","mukenke","kirundo","PCV1","BDI",106.8383584,"success",1002
"659","mukenke","mukenke","kirundo","PCV2","BDI",99.36406995,"success",1002
"660","mukenke","mukenke","kirundo","PCV3","BDI",99.53993556,"success",1002
"661","mukenke","mukenke","kirundo","Pol3","BDI",99.55752212,"success",1002
"662","mukenke","mukenke","kirundo","RCV1","BDI",-4444,"success",1002
"663","mukenke","mukenke","kirundo","Rota1","BDI",106.4162809,"success",1002
"664","mukenke","mukenke","kirundo","RotaC","BDI",98.43198222,"success",1002
"665","mukenke","mukenke","kirundo","TT2plus","BDI",83.43310776,"success",1002
"666","mukenke","mukenke","kirundo","VAD1","BDI",-4444,"success",1002
"667","mukenke","mukenke","kirundo","YFV","BDI",-2222,"success",1002
"668","muramvya","muramvya","muramvya","BCG","BDI",68.8080163,"success",1201
"669","muramvya","muramvya","muramvya","DTP1","BDI",86.24906079,"success",1201
"670","muramvya","muramvya","muramvya","DTP3","BDI",86.14534263,"success",1201
"671","muramvya","muramvya","muramvya","DTP4","BDI",76.21844435,"success",1201
"672","muramvya","muramvya","muramvya","HepB_BD","BDI",-4444,"success",1201
"673","muramvya","muramvya","muramvya","HepB_BDall","BDI",-4444,"success",1201
"674","muramvya","muramvya","muramvya","HepB3","BDI",86.14534263,"success",1201
"675","muramvya","muramvya","muramvya","Hib3","BDI",86.14534263,"success",1201
"676","muramvya","muramvya","muramvya","IPV1","BDI",-2222,"success",1201
"677","muramvya","muramvya","muramvya","MCV1","BDI",83.61165608,"success",1201
"678","muramvya","muramvya","muramvya","MCV2","BDI",75.91387514,"success",1201
"679","muramvya","muramvya","muramvya","MenA","BDI",-4444,"success",1201
"680","muramvya","muramvya","muramvya","PAB_DTP1","BDI",-4444,"success",1201
"681","muramvya","muramvya","muramvya","PCV1","BDI",86.14534263,"success",1201
"682","muramvya","muramvya","muramvya","PCV2","BDI",85.52303366,"success",1201
"683","muramvya","muramvya","muramvya","PCV3","BDI",86.30832832,"success",1201
"684","muramvya","muramvya","muramvya","Pol3","BDI",85.65638558,"success",1201
"685","muramvya","muramvya","muramvya","RCV1","BDI",-4444,"success",1201
"686","muramvya","muramvya","muramvya","Rota1","BDI",85.76010374,"success",1201
"687","muramvya","muramvya","muramvya","RotaC","BDI",84.57475331,"success",1201
"688","muramvya","muramvya","muramvya","TT2plus","BDI",41.7872807,"success",1201
"689","muramvya","muramvya","muramvya","VAD1","BDI",-4444,"success",1201
"690","muramvya","muramvya","muramvya","YFV","BDI",-2222,"success",1201
"691","murore","murore","cankuzo","BCG","BDI",106.280019,"success",502
"692","murore","murore","cankuzo","DTP1","BDI",135.2882266,"success",502
"693","murore","murore","cankuzo","DTP3","BDI",124.3589169,"success",502
"694","murore","murore","cankuzo","DTP4","BDI",91.40539229,"success",502
"695","murore","murore","cankuzo","HepB_BD","BDI",-4444,"success",502
"696","murore","murore","cankuzo","HepB_BDall","BDI",-4444,"success",502
"697","murore","murore","cankuzo","HepB3","BDI",124.3589169,"success",502
"698","murore","murore","cankuzo","Hib3","BDI",124.3589169,"success",502
"699","murore","murore","cankuzo","IPV1","BDI",-2222,"success",502
"700","murore","murore","cankuzo","MCV1","BDI",116.32922,"success",502
"701","murore","murore","cankuzo","MCV2","BDI",90.63430257,"success",502
"702","murore","murore","cankuzo","MenA","BDI",-4444,"success",502
"703","murore","murore","cankuzo","PAB_DTP1","BDI",-4444,"success",502
"704","murore","murore","cankuzo","PCV1","BDI",135.2882266,"success",502
"705","murore","murore","cankuzo","PCV2","BDI",128.6981976,"success",502
"706","murore","murore","cankuzo","PCV3","BDI",124.3589169,"success",502
"707","murore","murore","cankuzo","Pol3","BDI",124.3589169,"success",502
"708","murore","murore","cankuzo","RCV1","BDI",-4444,"success",502
"709","murore","murore","cankuzo","Rota1","BDI",135.2882266,"success",502
"710","murore","murore","cankuzo","RotaC","BDI",128.6779205,"success",502
"711","murore","murore","cankuzo","TT2plus","BDI",110.4741897,"success",502
"712","murore","murore","cankuzo","VAD1","BDI",-4444,"success",502
"713","murore","murore","cankuzo","YFV","BDI",-2222,"success",502
"714","musema","musema","kayanza","BCG","BDI",53.0643569,"success",902
"715","musema","musema","kayanza","DTP1","BDI",66.6846868,"success",902
"716","musema","musema","kayanza","DTP3","BDI",68.30234516,"success",902
"717","musema","musema","kayanza","DTP4","BDI",77.28812158,"success",902
"718","musema","musema","kayanza","HepB_BD","BDI",-4444,"success",902
"719","musema","musema","kayanza","HepB_BDall","BDI",-4444,"success",902
"720","musema","musema","kayanza","HepB3","BDI",68.30234516,"success",902
"721","musema","musema","kayanza","Hib3","BDI",68.30234516,"success",902
"722","musema","musema","kayanza","IPV1","BDI",-2222,"success",902
"723","musema","musema","kayanza","MCV1","BDI",72.0513777,"success",902
"724","musema","musema","kayanza","MCV2","BDI",77.64760121,"success",902
"725","musema","musema","kayanza","MenA","BDI",-4444,"success",902
"726","musema","musema","kayanza","PAB_DTP1","BDI",-4444,"success",902
"727","musema","musema","kayanza","PCV1","BDI",66.6846868,"success",902
"728","musema","musema","kayanza","PCV2","BDI",67.32956412,"success",902
"729","musema","musema","kayanza","PCV3","BDI",68.30234516,"success",902
"730","musema","musema","kayanza","Pol3","BDI",68.30234516,"success",902
"731","musema","musema","kayanza","RCV1","BDI",-4444,"success",902
"732","musema","musema","kayanza","Rota1","BDI",66.6846868,"success",902
"733","musema","musema","kayanza","RotaC","BDI",67.22026288,"success",902
"734","musema","musema","kayanza","TT2plus","BDI",54.02782271,"success",902
"735","musema","musema","kayanza","VAD1","BDI",-4444,"success",902
"736","musema","musema","kayanza","YFV","BDI",-2222,"success",902
"737","mutaho","mutaho","gitega","BCG","BDI",70.0676153,"success",703
"738","mutaho","mutaho","gitega","DTP1","BDI",87.69794711,"success",703
"739","mutaho","mutaho","gitega","DTP3","BDI",86.93142257,"success",703
"740","mutaho","mutaho","gitega","DTP4","BDI",90.57311225,"success",703
"741","mutaho","mutaho","gitega","HepB_BD","BDI",-4444,"success",703
"742","mutaho","mutaho","gitega","HepB_BDall","BDI",-4444,"success",703
"743","mutaho","mutaho","gitega","HepB3","BDI",86.93142257,"success",703
"744","mutaho","mutaho","gitega","Hib3","BDI",86.93142257,"success",703
"745","mutaho","mutaho","gitega","IPV1","BDI",-2222,"success",703
"746","mutaho","mutaho","gitega","MCV1","BDI",87.20787404,"success",703
"747","mutaho","mutaho","gitega","MCV2","BDI",90.05651101,"success",703
"748","mutaho","mutaho","gitega","MenA","BDI",-4444,"success",703
"749","mutaho","mutaho","gitega","PAB_DTP1","BDI",-4444,"success",703
"750","mutaho","mutaho","gitega","PCV1","BDI",87.69794711,"success",703
"751","mutaho","mutaho","gitega","PCV2","BDI",87.66024918,"success",703
"752","mutaho","mutaho","gitega","PCV3","BDI",86.89372464,"success",703
"753","mutaho","mutaho","gitega","Pol3","BDI",86.93142257,"success",703
"754","mutaho","mutaho","gitega","RCV1","BDI",-4444,"success",703
"755","mutaho","mutaho","gitega","Rota1","BDI",87.6476832,"success",703
"756","mutaho","mutaho","gitega","RotaC","BDI",87.73564504,"success",703
"757","mutaho","mutaho","gitega","TT2plus","BDI",62.54416961,"success",703
"758","mutaho","mutaho","gitega","VAD1","BDI",-4444,"success",703
"759","mutaho","mutaho","gitega","YFV","BDI",-2222,"success",703
"760","muyinga","muyinga","muyinga","BCG","BDI",99.07615758,"success",1301
"761","muyinga","muyinga","muyinga","DTP1","BDI",120.9173412,"success",1301
"762","muyinga","muyinga","muyinga","DTP3","BDI",114.8257176,"success",1301
"763","muyinga","muyinga","muyinga","DTP4","BDI",89.09577197,"success",1301
"764","muyinga","muyinga","muyinga","HepB_BD","BDI",-4444,"success",1301
"765","muyinga","muyinga","muyinga","HepB_BDall","BDI",-4444,"success",1301
"766","muyinga","muyinga","muyinga","HepB3","BDI",114.8257176,"success",1301
"767","muyinga","muyinga","muyinga","Hib3","BDI",114.8257176,"success",1301
"768","muyinga","muyinga","muyinga","IPV1","BDI",-2222,"success",1301
"769","muyinga","muyinga","muyinga","MCV1","BDI",112.6164642,"success",1301
"770","muyinga","muyinga","muyinga","MCV2","BDI",89.71330504,"success",1301
"771","muyinga","muyinga","muyinga","MenA","BDI",-4444,"success",1301
"772","muyinga","muyinga","muyinga","PAB_DTP1","BDI",-4444,"success",1301
"773","muyinga","muyinga","muyinga","PCV1","BDI",120.3257419,"success",1301
"774","muyinga","muyinga","muyinga","PCV2","BDI",116.8593401,"success",1301
"775","muyinga","muyinga","muyinga","PCV3","BDI",114.742524,"success",1301
"776","muyinga","muyinga","muyinga","Pol3","BDI",114.4005057,"success",1301
"777","muyinga","muyinga","muyinga","RCV1","BDI",-4444,"success",1301
"778","muyinga","muyinga","muyinga","Rota1","BDI",118.91145,"success",1301
"779","muyinga","muyinga","muyinga","RotaC","BDI",113.8736126,"success",1301
"780","muyinga","muyinga","muyinga","TT2plus","BDI",115.4251317,"success",1301
"781","muyinga","muyinga","muyinga","VAD1","BDI",-4444,"success",1301
"782","muyinga","muyinga","muyinga","YFV","BDI",-2222,"success",1301
"783","ngozi","ngozi","ngozi","BCG","BDI",67.59479295,"success",1501
"784","ngozi","ngozi","ngozi","DTP1","BDI",84.88663225,"success",1501
"785","ngozi","ngozi","ngozi","DTP3","BDI",84.55215568,"success",1501
"786","ngozi","ngozi","ngozi","DTP4","BDI",78.59612556,"success",1501
"787","ngozi","ngozi","ngozi","HepB_BD","BDI",-4444,"success",1501
"788","ngozi","ngozi","ngozi","HepB_BDall","BDI",-4444,"success",1501
"789","ngozi","ngozi","ngozi","HepB3","BDI",84.55215568,"success",1501
"790","ngozi","ngozi","ngozi","Hib3","BDI",84.55215568,"success",1501
"791","ngozi","ngozi","ngozi","IPV1","BDI",-2222,"success",1501
"792","ngozi","ngozi","ngozi","MCV1","BDI",83.90960859,"success",1501
"793","ngozi","ngozi","ngozi","MCV2","BDI",79.28366073,"success",1501
"794","ngozi","ngozi","ngozi","MenA","BDI",-4444,"success",1501
"795","ngozi","ngozi","ngozi","PAB_DTP1","BDI",-4444,"success",1501
"796","ngozi","ngozi","ngozi","PCV1","BDI",84.88663225,"success",1501
"797","ngozi","ngozi","ngozi","PCV2","BDI",84.77220605,"success",1501
"798","ngozi","ngozi","ngozi","PCV3","BDI",84.64017583,"success",1501
"799","ngozi","ngozi","ngozi","Pol3","BDI",84.55215568,"success",1501
"800","ngozi","ngozi","ngozi","RCV1","BDI",-4444,"success",1501
"801","ngozi","ngozi","ngozi","Rota1","BDI",84.88663225,"success",1501
"802","ngozi","ngozi","ngozi","RotaC","BDI",84.65777986,"success",1501
"803","ngozi","ngozi","ngozi","TT2plus","BDI",69.92118804,"success",1501
"804","ngozi","ngozi","ngozi","VAD1","BDI",-4444,"success",1501
"805","ngozi","ngozi","ngozi","YFV","BDI",-2222,"success",1501
"806","nyabikere","nyabikere","karuzi","BCG","BDI",76.81372186,"success",802
"807","nyabikere","nyabikere","karuzi","DTP1","BDI",98.62898571,"success",802
"808","nyabikere","nyabikere","karuzi","DTP3","BDI",95.79488069,"success",802
"809","nyabikere","nyabikere","karuzi","DTP4","BDI",86.3446084,"success",802
"810","nyabikere","nyabikere","karuzi","HepB_BD","BDI",-4444,"success",802
"811","nyabikere","nyabikere","karuzi","HepB_BDall","BDI",-4444,"success",802
"812","nyabikere","nyabikere","karuzi","HepB3","BDI",95.79488069,"success",802
"813","nyabikere","nyabikere","karuzi","Hib3","BDI",95.79488069,"success",802
"814","nyabikere","nyabikere","karuzi","IPV1","BDI",-2222,"success",802
"815","nyabikere","nyabikere","karuzi","MCV1","BDI",91.14950554,"success",802
"816","nyabikere","nyabikere","karuzi","MCV2","BDI",87.84482543,"success",802
"817","nyabikere","nyabikere","karuzi","MenA","BDI",-4444,"success",802
"818","nyabikere","nyabikere","karuzi","PAB_DTP1","BDI",-4444,"success",802
"819","nyabikere","nyabikere","karuzi","PCV1","BDI",98.60767665,"success",802
"820","nyabikere","nyabikere","karuzi","PCV2","BDI",98.40524058,"success",802
"821","nyabikere","nyabikere","karuzi","PCV3","BDI",95.79488069,"success",802
"822","nyabikere","nyabikere","karuzi","Pol3","BDI",95.79488069,"success",802
"823","nyabikere","nyabikere","karuzi","RCV1","BDI",-4444,"success",802
"824","nyabikere","nyabikere","karuzi","Rota1","BDI",98.6609493,"success",802
"825","nyabikere","nyabikere","karuzi","RotaC","BDI",96.6472431,"success",802
"826","nyabikere","nyabikere","karuzi","TT2plus","BDI",89.52140661,"success",802
"827","nyabikere","nyabikere","karuzi","VAD1","BDI",-4444,"success",802
"828","nyabikere","nyabikere","karuzi","YFV","BDI",-2222,"success",802
"829","nyanzalac","nyanzalac","makamba","BCG","BDI",94.94587562,"success",1102
"830","nyanzalac","nyanzalac","makamba","DTP1","BDI",108.0416934,"success",1102
"831","nyanzalac","nyanzalac","makamba","DTP3","BDI",100.9610312,"success",1102
"832","nyanzalac","nyanzalac","makamba","DTP4","BDI",65.43006811,"success",1102
"833","nyanzalac","nyanzalac","makamba","HepB_BD","BDI",-4444,"success",1102
"834","nyanzalac","nyanzalac","makamba","HepB_BDall","BDI",-4444,"success",1102
"835","nyanzalac","nyanzalac","makamba","HepB3","BDI",100.9610312,"success",1102
"836","nyanzalac","nyanzalac","makamba","Hib3","BDI",100.9610312,"success",1102
"837","nyanzalac","nyanzalac","makamba","IPV1","BDI",-2222,"success",1102
"838","nyanzalac","nyanzalac","makamba","MCV1","BDI",102.0429478,"success",1102
"839","nyanzalac","nyanzalac","makamba","MCV2","BDI",67.1365565,"success",1102
"840","nyanzalac","nyanzalac","makamba","MenA","BDI",-4444,"success",1102
"841","nyanzalac","nyanzalac","makamba","PAB_DTP1","BDI",-4444,"success",1102
"842","nyanzalac","nyanzalac","makamba","PCV1","BDI",108.0416934,"success",1102
"843","nyanzalac","nyanzalac","makamba","PCV2","BDI",103.5533463,"success",1102
"844","nyanzalac","nyanzalac","makamba","PCV3","BDI",100.9610312,"success",1102
"845","nyanzalac","nyanzalac","makamba","Pol3","BDI",101.0253035,"success",1102
"846","nyanzalac","nyanzalac","makamba","RCV1","BDI",-4444,"success",1102
"847","nyanzalac","nyanzalac","makamba","Rota1","BDI",107.1954418,"success",1102
"848","nyanzalac","nyanzalac","makamba","RotaC","BDI",102.332173,"success",1102
"849","nyanzalac","nyanzalac","makamba","TT2plus","BDI",80.76892588,"success",1102
"850","nyanzalac","nyanzalac","makamba","VAD1","BDI",-4444,"success",1102
"851","nyanzalac","nyanzalac","makamba","YFV","BDI",-2222,"success",1102
"852","rumonge","rumonge","rumonge","BCG","BDI",101.8606203,"success",1801
"853","rumonge","rumonge","rumonge","DTP1","BDI",117.7855544,"success",1801
"854","rumonge","rumonge","rumonge","DTP3","BDI",110.2525081,"success",1801
"855","rumonge","rumonge","rumonge","DTP4","BDI",68.5463159,"success",1801
"856","rumonge","rumonge","rumonge","HepB_BD","BDI",-4444,"success",1801
"857","rumonge","rumonge","rumonge","HepB_BDall","BDI",-4444,"success",1801
"858","rumonge","rumonge","rumonge","HepB3","BDI",110.2525081,"success",1801
"859","rumonge","rumonge","rumonge","Hib3","BDI",110.2525081,"success",1801
"860","rumonge","rumonge","rumonge","IPV1","BDI",-2222,"success",1801
"861","rumonge","rumonge","rumonge","MCV1","BDI",111.3133497,"success",1801
"862","rumonge","rumonge","rumonge","MCV2","BDI",69.31724169,"success",1801
"863","rumonge","rumonge","rumonge","MenA","BDI",-4444,"success",1801
"864","rumonge","rumonge","rumonge","PAB_DTP1","BDI",-4444,"success",1801
"865","rumonge","rumonge","rumonge","PCV1","BDI",117.4640873,"success",1801
"866","rumonge","rumonge","rumonge","PCV2","BDI",112.4706313,"success",1801
"867","rumonge","rumonge","rumonge","PCV3","BDI",110.0596279,"success",1801
"868","rumonge","rumonge","rumonge","Pol3","BDI",109.480987,"success",1801
"869","rumonge","rumonge","rumonge","RCV1","BDI",-4444,"success",1801
"870","rumonge","rumonge","rumonge","Rota1","BDI",116.971171,"success",1801
"871","rumonge","rumonge","rumonge","RotaC","BDI",112.35276,"success",1801
"872","rumonge","rumonge","rumonge","TT2plus","BDI",133.3201174,"success",1801
"873","rumonge","rumonge","rumonge","VAD1","BDI",-4444,"success",1801
"874","rumonge","rumonge","rumonge","YFV","BDI",-2222,"success",1801
"875","rutana","rutana","rutana","BCG","BDI",69.97763129,"success",1601
"876","rutana","rutana","rutana","DTP1","BDI",88.2393915,"success",1601
"877","rutana","rutana","rutana","DTP3","BDI",85.36364193,"success",1601
"878","rutana","rutana","rutana","DTP4","BDI",67.17090856,"success",1601
"879","rutana","rutana","rutana","HepB_BD","BDI",-4444,"success",1601
"880","rutana","rutana","rutana","HepB_BDall","BDI",-4444,"success",1601
"881","rutana","rutana","rutana","HepB3","BDI",85.36364193,"success",1601
"882","rutana","rutana","rutana","Hib3","BDI",85.36364193,"success",1601
"883","rutana","rutana","rutana","IPV1","BDI",0.067824282,"success",1601
"884","rutana","rutana","rutana","MCV1","BDI",86.19109817,"success",1601
"885","rutana","rutana","rutana","MCV2","BDI",71.46493924,"success",1601
"886","rutana","rutana","rutana","MenA","BDI",-4444,"success",1601
"887","rutana","rutana","rutana","PAB_DTP1","BDI",-4444,"success",1601
"888","rutana","rutana","rutana","PCV1","BDI",88.2393915,"success",1601
"889","rutana","rutana","rutana","PCV2","BDI",87.46619468,"success",1601
"890","rutana","rutana","rutana","PCV3","BDI",85.36364193,"success",1601
"891","rutana","rutana","rutana","Pol3","BDI",85.64850391,"success",1601
"892","rutana","rutana","rutana","RCV1","BDI",-4444,"success",1601
"893","rutana","rutana","rutana","Rota1","BDI",87.83244581,"success",1601
"894","rutana","rutana","rutana","RotaC","BDI",87.22202727,"success",1601
"895","rutana","rutana","rutana","TT2plus","BDI",73.94097571,"success",1601
"896","rutana","rutana","rutana","VAD1","BDI",-4444,"success",1601
"897","rutana","rutana","rutana","YFV","BDI",-2222,"success",1601
"898","ruyigi","ruyigi","ruyigi","BCG","BDI",91.05421131,"success",1703
"899","ruyigi","ruyigi","ruyigi","DTP1","BDI",110.932087,"success",1703
"900","ruyigi","ruyigi","ruyigi","DTP3","BDI",105.1802246,"success",1703
"901","ruyigi","ruyigi","ruyigi","DTP4","BDI",80.76057968,"success",1703
"902","ruyigi","ruyigi","ruyigi","HepB_BD","BDI",-4444,"success",1703
"903","ruyigi","ruyigi","ruyigi","HepB_BDall","BDI",-4444,"success",1703
"904","ruyigi","ruyigi","ruyigi","HepB3","BDI",105.1802246,"success",1703
"905","ruyigi","ruyigi","ruyigi","Hib3","BDI",105.1802246,"success",1703
"906","ruyigi","ruyigi","ruyigi","IPV1","BDI",10.59919794,"success",1703
"907","ruyigi","ruyigi","ruyigi","MCV1","BDI",110.792929,"success",1703
"908","ruyigi","ruyigi","ruyigi","MCV2","BDI",81.69023217,"success",1703
"909","ruyigi","ruyigi","ruyigi","MenA","BDI",-4444,"success",1703
"910","ruyigi","ruyigi","ruyigi","PAB_DTP1","BDI",-4444,"success",1703
"911","ruyigi","ruyigi","ruyigi","PCV1","BDI",110.932087,"success",1703
"912","ruyigi","ruyigi","ruyigi","PCV2","BDI",109.0070685,"success",1703
"913","ruyigi","ruyigi","ruyigi","PCV3","BDI",105.1802246,"success",1703
"914","ruyigi","ruyigi","ruyigi","Pol3","BDI",104.5308208,"success",1703
"915","ruyigi","ruyigi","ruyigi","RCV1","BDI",-4444,"success",1703
"916","ruyigi","ruyigi","ruyigi","Rota1","BDI",110.792929,"success",1703
"917","ruyigi","ruyigi","ruyigi","RotaC","BDI",107.7314539,"success",1703
"918","ruyigi","ruyigi","ruyigi","TT2plus","BDI",158.5378411,"success",1703
"919","ruyigi","ruyigi","ruyigi","VAD1","BDI",-4444,"success",1703
"920","ruyigi","ruyigi","ruyigi","YFV","BDI",-2222,"success",1703
"921","rwibaga","rwibaga","bujumburarural","BCG","BDI",57.27385446,"success",302
"922","rwibaga","rwibaga","bujumburarural","DTP1","BDI",67.71829949,"success",302
"923","rwibaga","rwibaga","bujumburarural","DTP3","BDI",66.97786198,"success",302
"924","rwibaga","rwibaga","bujumburarural","DTP4","BDI",52.31367331,"success",302
"925","rwibaga","rwibaga","bujumburarural","HepB_BD","BDI",-4444,"success",302
"926","rwibaga","rwibaga","bujumburarural","HepB_BDall","BDI",-4444,"success",302
"927","rwibaga","rwibaga","bujumburarural","HepB3","BDI",66.97786198,"success",302
"928","rwibaga","rwibaga","bujumburarural","Hib3","BDI",66.97786198,"success",302
"929","rwibaga","rwibaga","bujumburarural","IPV1","BDI",-2222,"success",302
"930","rwibaga","rwibaga","bujumburarural","MCV1","BDI",60.33507971,"success",302
"931","rwibaga","rwibaga","bujumburarural","MCV2","BDI",51.05257894,"success",302
"932","rwibaga","rwibaga","bujumburarural","MenA","BDI",-4444,"success",302
"933","rwibaga","rwibaga","bujumburarural","PAB_DTP1","BDI",-4444,"success",302
"934","rwibaga","rwibaga","bujumburarural","PCV1","BDI",67.71829949,"success",302
"935","rwibaga","rwibaga","bujumburarural","PCV2","BDI",66.00471553,"success",302
"936","rwibaga","rwibaga","bujumburarural","PCV3","BDI",66.97786198,"success",302
"937","rwibaga","rwibaga","bujumburarural","Pol3","BDI",66.97786198,"success",302
"938","rwibaga","rwibaga","bujumburarural","RCV1","BDI",-4444,"success",302
"939","rwibaga","rwibaga","bujumburarural","Rota1","BDI",67.42212448,"success",302
"940","rwibaga","rwibaga","bujumburarural","RotaC","BDI",65.85662803,"success",302
"941","rwibaga","rwibaga","bujumburarural","TT2plus","BDI",47.08829054,"success",302
"942","rwibaga","rwibaga","bujumburarural","VAD1","BDI",-4444,"success",302
"943","rwibaga","rwibaga","bujumburarural","YFV","BDI",-2222,"success",302
"944","ryansoro","ryansoro","gitega","BCG","BDI",62.61251597,"success",704
"945","ryansoro","ryansoro","gitega","DTP1","BDI",82.7438574,"success",704
"946","ryansoro","ryansoro","gitega","DTP3","BDI",77.64230693,"success",704
"947","ryansoro","ryansoro","gitega","DTP4","BDI",84.80550549,"success",704
"948","ryansoro","ryansoro","gitega","HepB_BD","BDI",-4444,"success",704
"949","ryansoro","ryansoro","gitega","HepB_BDall","BDI",-4444,"success",704
"950","ryansoro","ryansoro","gitega","HepB3","BDI",77.64230693,"success",704
"951","ryansoro","ryansoro","gitega","Hib3","BDI",77.64230693,"success",704
"952","ryansoro","ryansoro","gitega","IPV1","BDI",-2222,"success",704
"953","ryansoro","ryansoro","gitega","MCV1","BDI",74.94342216,"success",704
"954","ryansoro","ryansoro","gitega","MCV2","BDI",84.43340315,"success",704
"955","ryansoro","ryansoro","gitega","MenA","BDI",-4444,"success",704
"956","ryansoro","ryansoro","gitega","PAB_DTP1","BDI",-4444,"success",704
"957","ryansoro","ryansoro","gitega","PCV1","BDI",82.7438574,"success",704
"958","ryansoro","ryansoro","gitega","PCV2","BDI",81.50961132,"success",704
"959","ryansoro","ryansoro","gitega","PCV3","BDI",77.64230693,"success",704
"960","ryansoro","ryansoro","gitega","Pol3","BDI",77.64230693,"success",704
"961","ryansoro","ryansoro","gitega","RCV1","BDI",-4444,"success",704
"962","ryansoro","ryansoro","gitega","Rota1","BDI",82.7438574,"success",704
"963","ryansoro","ryansoro","gitega","RotaC","BDI",81.50961132,"success",704
"964","ryansoro","ryansoro","gitega","TT2plus","BDI",70.27520701,"success",704
"965","ryansoro","ryansoro","gitega","VAD1","BDI",-4444,"success",704
"966","ryansoro","ryansoro","gitega","YFV","BDI",-2222,"success",704
"967","vumbi","vumbi","kirundo","BCG","BDI",79.14084565,"success",1003
"968","vumbi","vumbi","kirundo","DTP1","BDI",101.6817986,"success",1003
"969","vumbi","vumbi","kirundo","DTP3","BDI",98.02907936,"success",1003
"970","vumbi","vumbi","kirundo","DTP4","BDI",78.09974675,"success",1003
"971","vumbi","vumbi","kirundo","HepB_BD","BDI",-4444,"success",1003
"972","vumbi","vumbi","kirundo","HepB_BDall","BDI",-4444,"success",1003
"973","vumbi","vumbi","kirundo","HepB3","BDI",98.02907936,"success",1003
"974","vumbi","vumbi","kirundo","Hib3","BDI",98.02907936,"success",1003
"975","vumbi","vumbi","kirundo","IPV1","BDI",-2222,"success",1003
"976","vumbi","vumbi","kirundo","MCV1","BDI",94.56209158,"success",1003
"977","vumbi","vumbi","kirundo","MCV2","BDI",79.14328256,"success",1003
"978","vumbi","vumbi","kirundo","MenA","BDI",-4444,"success",1003
"979","vumbi","vumbi","kirundo","PAB_DTP1","BDI",-4444,"success",1003
"980","vumbi","vumbi","kirundo","PCV1","BDI",101.6817986,"success",1003
"981","vumbi","vumbi","kirundo","PCV2","BDI",99.83686584,"success",1003
"982","vumbi","vumbi","kirundo","PCV3","BDI",98.00431516,"success",1003
"983","vumbi","vumbi","kirundo","Pol3","BDI",98.02907936,"success",1003
"984","vumbi","vumbi","kirundo","RCV1","BDI",-4444,"success",1003
"985","vumbi","vumbi","kirundo","Rota1","BDI",100.3073856,"success",1003
"986","vumbi","vumbi","kirundo","RotaC","BDI",98.67294852,"success",1003
"987","vumbi","vumbi","kirundo","TT2plus","BDI",70.97306212,"success",1003
"988","vumbi","vumbi","kirundo","VAD1","BDI",-4444,"success",1003
"989","vumbi","vumbi","kirundo","YFV","BDI",-2222,"success",1003
"990","zonecentre","zonecentre","bujumburamairie","BCG","BDI",88.89096854,"success",202
"991","zonecentre","zonecentre","bujumburamairie","DTP1","BDI",76.88093379,"success",202
"992","zonecentre","zonecentre","bujumburamairie","DTP3","BDI",71.4500901,"success",202
"993","zonecentre","zonecentre","bujumburamairie","DTP4","BDI",51.61709317,"success",202
"994","zonecentre","zonecentre","bujumburamairie","HepB_BD","BDI",-4444,"success",202
"995","zonecentre","zonecentre","bujumburamairie","HepB_BDall","BDI",-4444,"success",202
"996","zonecentre","zonecentre","bujumburamairie","HepB3","BDI",71.4500901,"success",202
"997","zonecentre","zonecentre","bujumburamairie","Hib3","BDI",71.4500901,"success",202
"998","zonecentre","zonecentre","bujumburamairie","IPV1","BDI",-2222,"success",202
"999","zonecentre","zonecentre","bujumburamairie","MCV1","BDI",68.72582324,"success",202
"1000","zonecentre","zonecentre","bujumburamairie","MCV2","BDI",51.61709317,"success",202
"1001","zonecentre","zonecentre","bujumburamairie","MenA","BDI",-4444,"success",202
"1002","zonecentre","zonecentre","bujumburamairie","PAB_DTP1","BDI",-4444,"success",202
"1003","zonecentre","zonecentre","bujumburamairie","PCV1","BDI",76.88093379,"success",202
"1004","zonecentre","zonecentre","bujumburamairie","PCV2","BDI",73.78517599,"success",202
"1005","zonecentre","zonecentre","bujumburamairie","PCV3","BDI",71.4500901,"success",202
"1006","zonecentre","zonecentre","bujumburamairie","Pol3","BDI",71.4500901,"success",202
"1007","zonecentre","zonecentre","bujumburamairie","RCV1","BDI",-4444,"success",202
"1008","zonecentre","zonecentre","bujumburamairie","Rota1","BDI",76.88093379,"success",202
"1009","zonecentre","zonecentre","bujumburamairie","RotaC","BDI",73.67903572,"success",202
"1010","zonecentre","zonecentre","bujumburamairie","TT2plus","BDI",77.43160099,"success",202
"1011","zonecentre","zonecentre","bujumburamairie","VAD1","BDI",-4444,"success",202
"1012","zonecentre","zonecentre","bujumburamairie","YFV","BDI",-2222,"success",202
"1013","zonenord","zonenord","bujumburamairie","BCG","BDI",97.93081029,"success",201
"1014","zonenord","zonenord","bujumburamairie","DTP1","BDI",118.2852342,"success",201
"1015","zonenord","zonenord","bujumburamairie","DTP3","BDI",109.6721466,"success",201
"1016","zonenord","zonenord","bujumburamairie","DTP4","BDI",69.53864705,"success",201
"1017","zonenord","zonenord","bujumburamairie","HepB_BD","BDI",-4444,"success",201
"1018","zonenord","zonenord","bujumburamairie","HepB_BDall","BDI",-4444,"success",201
"1019","zonenord","zonenord","bujumburamairie","HepB3","BDI",109.6721466,"success",201
"1020","zonenord","zonenord","bujumburamairie","Hib3","BDI",109.6721466,"success",201
"1021","zonenord","zonenord","bujumburamairie","IPV1","BDI",-2222,"success",201
"1022","zonenord","zonenord","bujumburamairie","MCV1","BDI",100.7257623,"success",201
"1023","zonenord","zonenord","bujumburamairie","MCV2","BDI",68.58309913,"success",201
"1024","zonenord","zonenord","bujumburamairie","MenA","BDI",-4444,"success",201
"1025","zonenord","zonenord","bujumburamairie","PAB_DTP1","BDI",-4444,"success",201
"1026","zonenord","zonenord","bujumburamairie","PCV1","BDI",118.2852342,"success",201
"1027","zonenord","zonenord","bujumburamairie","PCV2","BDI",113.583997,"success",201
"1028","zonenord","zonenord","bujumburamairie","PCV3","BDI",109.6721466,"success",201
"1029","zonenord","zonenord","bujumburamairie","Pol3","BDI",109.6721466,"success",201
"1030","zonenord","zonenord","bujumburamairie","RCV1","BDI",-4444,"success",201
"1031","zonenord","zonenord","bujumburamairie","Rota1","BDI",117.4870764,"success",201
"1032","zonenord","zonenord","bujumburamairie","RotaC","BDI",112.9875714,"success",201
"1033","zonenord","zonenord","bujumburamairie","TT2plus","BDI",81.24878302,"success",201
"1034","zonenord","zonenord","bujumburamairie","VAD1","BDI",-4444,"success",201
"1035","zonenord","zonenord","bujumburamairie","YFV","BDI",-2222,"success",201
"1036","zonesud","zonesud","bujumburamairie","BCG","BDI",71.00046218,"success",203
"1037","zonesud","zonesud","bujumburamairie","DTP1","BDI",103.9534672,"success",203
"1038","zonesud","zonesud","bujumburamairie","DTP3","BDI",98.46198187,"success",203
"1039","zonesud","zonesud","bujumburamairie","DTP4","BDI",48.3516926,"success",203
"1040","zonesud","zonesud","bujumburamairie","HepB_BD","BDI",-4444,"success",203
"1041","zonesud","zonesud","bujumburamairie","HepB_BDall","BDI",-4444,"success",203
"1042","zonesud","zonesud","bujumburamairie","HepB3","BDI",98.46198187,"success",203
"1043","zonesud","zonesud","bujumburamairie","Hib3","BDI",98.46198187,"success",203
"1044","zonesud","zonesud","bujumburamairie","IPV1","BDI",-2222,"success",203
"1045","zonesud","zonesud","bujumburamairie","MCV1","BDI",86.95434704,"success",203
"1046","zonesud","zonesud","bujumburamairie","MCV2","BDI",49.03472766,"success",203
"1047","zonesud","zonesud","bujumburamairie","MenA","BDI",-4444,"success",203
"1048","zonesud","zonesud","bujumburamairie","PAB_DTP1","BDI",-4444,"success",203
"1049","zonesud","zonesud","bujumburamairie","PCV1","BDI",103.2539149,"success",203
"1050","zonesud","zonesud","bujumburamairie","PCV2","BDI",102.0646761,"success",203
"1051","zonesud","zonesud","bujumburamairie","PCV3","BDI",98.47947068,"success",203
"1052","zonesud","zonesud","bujumburamairie","Pol3","BDI",96.87050046,"success",203
"1053","zonesud","zonesud","bujumburamairie","RCV1","BDI",-4444,"success",203
"1054","zonesud","zonesud","bujumburamairie","Rota1","BDI",102.88665,"success",203
"1055","zonesud","zonesud","bujumburamairie","RotaC","BDI",101.2776798,"success",203
"1056","zonesud","zonesud","bujumburamairie","TT2plus","BDI",62.81868772,"success",203
"1057","zonesud","zonesud","bujumburamairie","VAD1","BDI",-4444,"success",203
"1058","zonesud","zonesud","bujumburamairie","YFV","BDI",-2222,"success",203
